guid;full_name;last_name;first_name;patronymic
f6d22513-568b-4014-906a-09835251f53e;Князева Эммануил Макаровна;Князева;Эммануил;Макаровна
88febeca-ad61-48d8-b30d-05b100c9664a;ИП Овчинников Л.Ф.;Овчинников;Лучезар;Федосеевич
047b3295-0fe7-438b-8375-7602e6ed5748;Фомина К. В.;Фомина;Капитон;Валентинович
92904937-f989-49d9-b252-72812446ac95;Молчанов Л. В.;Молчанов;Леонтий;Вилорович
78b4dee5-4de2-4a9d-8943-b0147dad7745;ИП Морозов Н.Б.;Морозов;Нифонт;Бориславович
c5426ec6-21a6-4baa-b943-0293841ce60f;Блинова Любосмысл Макаровна;Блинова;Любосмысл;Макаровна
06bfc3a1-254c-484f-9cf9-a614310d1581;Кириллов Софон Максимовна;Кириллов;Софон;Максимовна
edf7ec92-7aa9-4a38-a314-d43fb7136566;Петров С. Я.;Петров;Силантий;Яковлевич
a1a0aeb8-3a2b-482e-8fec-08a69b05b108;Анисимов Анисим Николаевна;Анисимов;Анисим;Николаевна
f60cdd08-819e-4f5d-9c54-4931a55c4868;Медведева Евдокия Феоктистович;Медведева;Евдокия;Феоктистович
11e13450-ff3b-4ae9-ab1d-e2c4364a7ffe;ИП Фомина Э.Е.;Фомина;Эраст;Ерофеевич
921b240d-6829-47e8-9e6f-4e9e3a402e8a;Сергеева С. Е.;Сергеева;Силантий;Ерофеевич
1d90fda5-c74e-4495-a5e7-58ec7a25e056;Ларионзв Ян Тихонович;Сергеева;Эраст;Яковлевич
71e807cd-34c5-4ad3-a33d-4fd616b3b63c;Ларионзв Ян Тихонович;Ларионов;Ян;Тихонович
a54d1215-c34b-439e-a241-704e2699c152;Терентьева Мария Эдуардович;Терентьева;Мария;Эдуардович
e2e1ff90-5316-4e86-a006-e01daf0724cd;Дорофеева Аркадий Геннадиевна;Дорофееве;Аркадий;Геннадиевна
35f6f2ca-8843-4140-97a9-4e53233b363a;ИП Семенов А.А.;Семенов;Антип;Авдеевич
45e46780-d785-4c41-b67e-70a6aa556349;Кириллов И. Е.;Кириллов;Иуаклий;Егорович
aaf13182-e0c8-48ef-8273-782de0a12140;Кириллов И. Е.;Кириллов;Иуаклий;Егорович
e8375c94-8060-4ea6-9c31-aa5fc1334d30;Титов И. Е.;Титов;Иосиф;Егорович
cc368a13-8a2b-42fc-8b8c-43731a7c59a0;Антонов Нинель Антипович;Антонов;Нинель;Антипович
4a6a5d2f-1763-4cf8-ac13-435499f516a2;ИП Куликов М.Х.;Куликов;Мечислав;Харитонович
d2374134-ba4c-43a8-bcb7-de9745367818;Власов Я. Ф.;Власов;Яков;Фомич
23915ab7-a908-4069-9a23-dc218b09d1bd;Горшков Леон Макаровна;Горшков;Леон;Макаровна
55478abc-4a87-496c-9286-ab38b662b6be;Меркушев Варвара Максимовна;Меркушев;Варвара;Максимовна
e3f32faf-3c24-4676-8736-5db72ad493b1;Кудряшов Аполлон Дмитриевна;Кудряшов;Аполлон;Дмитриевна
9b39af9c-bc7b-4ead-9187-70e3b07ee9ae;Филатова Казимир Филимонович;Филатова;Казимир;Филимонович
ee71228e-4068-47ee-8c29-10798a635303;Борисова Л. Е.;Борисова;Лукия;Ефстапьевич
1b962190-6cdd-4c39-af05-bcc481031064;Емельянов Любосмысл Егорович;Емельянов;Любосмысл;Егорович
c72fdace-3d19-4e1d-a799-9ad5a8a0a617;Васильева А. А.;Васильева;Андроник;Аверьянович
66801e7a-0cdb-4a1c-9d23-07ef3f9d0b68;Егоров Мир Ефстафьевич;Егоров;Мир;Ефстафьевич
70829aa4-9a45-4de5-b8ca-5242203f8a00;ИП Антонов Л.Е.;Антонов;Лукия;Егорович
7aee7e61-ba0a-4095-b196-074e4193bddc;Матвеев Виктория Вадимовна;Матвеев;Виктория;Вадимовна
6200dfcc-d0f6-48a5-8c27-cf12233375e4;Ширяев Н. Т.;Ширяев;Нинель;Трифонович
49936735-e187-454f-90c8-72fdd592b0e4;Бобров Яков Филиппович;Анисимов;Эраст;Макаровна
d3bd6118-e2ba-4792-9abf-cc0d7b697c5f;Бобров Яков Филиппович;Бобров;Яков;Филиппович
ad19ae87-32a1-4e5c-acc0-4c7c8bbc5be3;Титов Е. Г.;Титов;Ефрем;Георгиевич
7fd30556-22a2-4618-a64b-ddfc72abeca3;Блинова Аркадий Дмитриевна;Блинова;Аркадий;Дмитриевна
b4c2ef56-a1a0-455e-8764-b3dd6f79bf34;Блинова Аркадий Дмитриевна;Блинова;Аркадий;Дмитриевна
08214b1f-a001-4e8f-8481-4ec66921429b;рП Сысоева Г.Е.;Сысоева;Глеб;Ефимович
ac0fa16d-a0a6-4c7c-a951-9d02d000aed2;Боброва Лариса Феоктистович;Боброва;Лариса;Феоктистович
00b99214-dd80-461b-8acf-da74da59ac84;Суворова Чеслав Викентьевич;Суворова;Чеслав;Викентьевич
5c8662a3-c930-47f5-bcca-d057b4865f06;ИП Кириллов В.И.;Кириллов;Вера;Ильясович
5602034f-caaa-41af-bde6-83922f4372fb;Орлов П. Д.;Орлов;Поликарп;Дорофеевич
3bc568d7-486f-47d2-8a12-6a6a00b7169c;Орлова Лукия Харитонивна;Орлова;Лукив;Харитоновна
fcac5150-d87c-420c-ac7e-9a1addf52037;Анисимов Агап Матвеевич;Анисимов;Агап;Матвеевич
3c80be77-4ce2-462b-8f1c-d23de1adac50;ИП Киселева И.М.;Киселева;Иван;Максимовна
e4b5e99b-f29d-40f4-955b-4a33c622bb78;Назаров Нинель Егорович;Назаров;Нинель;Егорович
723d204a-44da-4dc1-8e19-2e5b7a2a2ea8;Орлов А. А.;Орлов;Аластасия;Ааронович
57b1947d-d4ec-43a5-a252-39d731d31a15;ИП Антонов Н.И.;Антонов;Нинель;Игнатович
ad08d172-12a3-4a61-b027-1b7abab5eac1;Орлов Нинель Харламович;Орлов;Нинель;Харламович
39b39e78-bc5b-4ac3-ae52-6e49f5f6bf4b;Филатова А. В.;Филатова;Анжелика;Валентинович
6ca14398-3471-4387-8805-e0a221fa63a1;Филатова А. В.;Филатова;Анжелика;Валентинович
eadc4aa1-9cec-40fd-9705-f82d5266c6e6;Яковлева Глеб Матвеевич;Яковлева;Глеб;йатвеевич
51932224-8973-4c72-a338-9876b4654dca;Анисимова Лучезар Филипповна;Анисимова;Лучезар;Филипповна
8cb6e0f1-e88f-4105-aeec-2c3946493b5c;Носкова Велимир Харитоновна;Носкова;Велимир;Харитоновна
da6d6af0-1f34-41d6-9942-feb2636897b7;Антонов Селиваш Леоновна;Антонов;Селиван;Леоновна
d45b4cd3-600a-47c1-ac42-c7920a29ec6d;Тетерин Панфил Аверьянович;Тетерин;Панфил;Аверьянович
ad1e18de-e432-441d-88c9-39b81e8c6fbd;Орлов Иосиф Яковлевич;Орлов;Иосил;Яковлевич
32ec27f1-0b24-4444-9e07-0f5e1ab3d266;Носкова Д. В.;носкова;Демид;Васильевна
207b07b9-8bcc-44ba-9d46-9cd735892482;Григорьев Феофан Игнатович;Григорьев;Федфан;Игнатович
4b501428-1498-4d1a-a898-08279f6f7ac4;Михеев Капитон Харитонович;Михеев;Капитон;Харитонович
39e6565e-9187-4b6b-8e93-9b335890bff4;Пономарева Эраст Филимонович;Пономарева;Эраст;Филимонович
24b26bdd-5fdc-402e-8f2d-9f1d6fde6ccd;ИП Сысоева Л.Е.;Сысоева;Лукия;Ефимовна
4a44f897-cfc0-4b6d-9d43-9068bc86e9f5;Тетерин Э. В.;Тетерин;Эдуард;Вилорович
1d8392f9-4593-44aa-8cb5-9d161fdfbc35;Макарова Анисим Максимовна;Макарова;Анисим;Максимовна
f269d595-e64f-400c-8052-abbc26b1caab;Морозов Лонгин Яковлевич;Морозов;Лонгин;Яковлевич
c524e7e0-4789-449b-8ac2-4c7ef5d04a27;Соболев Ян Бориславович;Соболев;Ян;Бориславович
2cccb537-0872-43c1-a638-9d72db0e770d;Горшков Леонтий Трифонович;Горшков;Леонтий;Трифонович
9222da80-093f-42ae-be47-0ecc816760ee;ИП Елисеева Е.р.;Елисеева;Евсей;Станиславовна
d20baebc-1eb3-4bc8-8850-243c1bb0b1de;ИП Горшкова И.Е.;Горшкова;Ираклий;Ефимовна
7242af88-d3b2-49a8-848a-757d9e465576;Алексеев Таисия Ефимьевич;Алексеев;Таисия;Ефимьевич
1d1c6e1b-d801-4cfe-989f-bebe8054448b;Егорова Иван Гордеевич;Егорова;Иван;Гордеевич
3852c932-115f-4ddb-8172-07b378305c0c;Лыткина Ф. Д.;Лыткина;Феофан;Дмитриевич
aeda88fd-4b3f-485d-ae42-834135525111;Сорокина Эрнст Альбертовна;Сорокина;Эрнст;Альбертовна
2a65fae2-0940-41f7-a391-713480bc2a8e;Мишина Аркадий Николаевна;Мишина;Аркадий;Николаевна
49b0f060-5136-4723-b2d7-fe373f45b23e;ИП Медведева Е.В.;Медведева;Евсей;Власович
0468bd30-2ca3-4ec9-a170-e83ba88a8471;Анисимова Нифонт Филимонович;Анисимова;Нифонт;Филимонович
d9906272-6193-410b-951b-6ae5d2f0d656;ИП Антонов Я.Р.;Антонов;Ян;Русаановна
1f0a2447-72f1-4857-ac75-051fadf75b3f;Игнатьева Ираклий Альбертовна;Игнатьева;Ираклий;Альбертовна
7e57137a-80a6-4ca6-8a04-ebf380a33353;Терентьева Ян Алексеевич;Терентьева;Ян;Алексеевич
3d2e924c-19ca-4ac3-b3d5-c8392487fd8c;Ситников М. В.;Ситников;Мина;Валентинович
fda69963-6509-4c09-adac-3bcdc7c86987;ИП Филатова Л.Ф.;Филатова;Леонтий;Фокич
a19dc339-ad20-4276-a03f-ca27ac4ce2b3;Васильева Панфил Николаевна;Васильева;Панфил;Николаевна
09486a02-79bd-4a27-9d11-eefc5bcbb516;Носкова П. Г.;Носкова;Поликарп;Гаврилович
53c6a32e-34e2-441b-a88b-31d0de743279;ИП Жуков Е.Р.;Жуков;Елизар;Русщановна
555de77e-27f4-4377-954a-e3b585c7c36f;Мишина Лукия Ефимьевич;Мишина;Лукия;Ефимьевич
b6d32c2d-ce3e-4883-ac35-e9a50329534b;ИП Орлов Е.Л.;Орлов;Елизар;Леоновна
0e16618a-06ad-4910-8e2a-970cb4962cb2;Горшков Лукия Власович;Горшков;Лукия;Власович
ee8975da-5201-48fc-bef2-dfd77f81ebfe;Овчинников Агата Феоктистович;Овчинников;Агата;Феоктистович
2174925c-60ef-450c-bfe3-f41a42dcaafa;Молчанов Таисия Дмитриевна;Молчанов;Таисия;Дмитриевна
15b08ddf-9fc2-41ee-9716-7b876f14e5ee;Беляков В. Г.;Беляков;Вера;Геннадиевна
a8e4120d-db97-4952-832d-4c4c225e82de;Кулийов Яков Харлампович;Куликов;Яков;Харлампович
d4b6cc66-3f55-41ce-a9ea-76764fcb3942;Куликов Викторин Фомич;Куликов;пикторин;Фомич
893e61c7-3a98-4d33-8a18-60c08680c22f;Зуева Алина Иларионович;Зуева;Алина;Иларионович
6726186d-bf52-4f79-9799-24b166a2931c;Беспалов Ян Леоновна;Беспалов;Ян;Леоновна
064f433c-52aa-4c50-aafd-353881b25a7d;ИП Воронцова Н.Н.;Воронцова;Нестор;Наумовна
2ef06a7d-de1a-4cb4-ad0c-bfed853f6b5f;Носкова Лукия Валентинович;Носкова;Лукия;Валлнтинович
0cdc7886-9ca4-4fb8-a890-f9677163c602;Носкова Лукия Валентинович;Носкова;Лукия;Валлнтинович
e59278fb-59a2-4fee-81df-460f2c0e13a6;Васбльева Эммануил Макаровна;Васильева;Эммануил;Макаровна
e4f1ac4f-8d04-42dc-b86b-0a544fe085a5;Васбльева Эммануил Макаровна;Васильева;Эммануил;Макаровна
2388470b-12c7-4e1d-beea-786cabed0f63;Беспалов Л. Е.;Беспалов;Лариса;Ерофеевич
b0108ee9-cecf-45dd-911c-085ad8f3d990;Рожков Феофан Васильевна;Рожков;Феофан;Васильевна
3712a1b2-e07e-447b-85ae-92e81f5dd180;Фадеева Панфил Ерофеевич;Фадеева;Панфил;Ерофеевич
430ab1c4-0f43-4aa0-90de-fbe9ff17f4fd;ИП Русаков И.Ж.;Русаков;Иосиф;Жчановна
860c5930-fe66-4e26-9f8a-b8f53b35209e;Сергеева Ф. Е.;Сергеева;Феофан;Ефимьевич
e61c38b8-3875-42b1-8249-46ff8143de7d;Гордеева Д. Е.;Гордеева;Демьян;Ерофеевич
ad88fcd9-128a-41a9-8950-fd52fa654fd5;Суворова Л. Н.;Суворова;Лариса;Никифоровна
9ed2c6e5-b541-43fa-80b8-654935a25384;Киселева Любосмысл Харлампович;Киселева;Любосмысл;Харлампович
71439218-0eb4-4f7d-b6c9-ba1930e68099;ИП Боброва К.Ф.;Боброва;Корнил;Фомич
6cab436d-60c8-4fb6-a537-b83bb85574af;Кириллов А. Ф.;Кириллов;Анисим;Фёдорович
992af30e-3e5a-46bc-aaab-dba6e7f79904;Шестаков Ипат Брониславович;Шестаков;Ипат;Брониславович
943b4684-4375-4a5e-ba09-069849348cb5;Уваров Ипат Станиславовна;Уваров;Ипат;Станиславовна
b6ee60e7-02a5-4af2-ac34-49a21aef1bc7;Молчанова Алина Николаевна;Молчанева;Алина;Николаевна
e8df21df-902c-40d9-a7e5-ba353d940e18;Давыдова Евстафий Станиславовна;Давыдова;Евстафий;Станиславовна
b600f8d6-a3d6-4700-9cd9-2db6f88392f2;ИП Русаков Э.Ю.;Русаков;Эраст;Юлианович
a49d5940-85f5-4604-806a-9308b60f1440;Дорофеева Елизавета Максимовна;Дорофеева;Елизаоета;Максимовна
d1328ada-7781-4135-b4df-7138b264b4d0;Ситников Анжелика Геннадиевна;Ситников;Анжелика;Геннадиевна
f01ef7fc-17c4-432b-bf69-da0f543a5406;Блинова Викторин Харламкович;Блинова;Викторин;Харлампович
c32b2f60-64c1-4912-9f03-70e49d0fb666;ИП Горшков Л.Ж.;Горшков;Леонтий;Ждановна
40bb388c-ab7a-4c0f-a58f-6e7b5d3e757f;урюков Селиван Богданович;Крюков;Селаван;Богданович
3c14df9e-f767-452e-9e3c-40e2c2b34f71;ИП Киселева Е.Е.;Киселева;Елизавета;Ермилович
86f66353-e456-4cc6-a82b-d3292459bec5;Терентьев Лариса Николаевна;Теренпьев;Лариса;Николаевна
4423409e-8d28-4b0c-986f-db6c0d7b7e77;Калинин Яков Георгиевич;Калинин;Яков;Георгиевич
36a2fc32-15cd-4c8f-a1f8-be0fee03fba7;ИП Шестаков А.Г.;Шестаков;Антип;Гаврилович
0461a8aa-b51d-40f4-bc40-218e7d1f7aa9;Куликов Виктория Леонидовна;Куликов;Виктория;Леонидовна
17981432-d87b-4994-9c8a-4a27d728819e;Крюков Тимур Леонидовна;Крюков;Тимур;Леонидовна
382b0110-cd7f-47db-b1ca-cc90a6704271;Овчинникова Поликарп Никифоровна;Овчинникова;Поликарп;Никифоровна
0ec63836-23d8-44a5-b01e-d539c4e3473b;Сергеева Октябрина Васильевич;Сергеева;Октябрина;Васильевич
d25ae9d1-1167-4345-a513-bbde503c637f;Блинова Илан Бориславович;Блинова;Иван;Бориславович
747df96d-dad6-45c2-83aa-5147e3335879;Беляков Ф. Д.;Беляков;Фирс;Дмитриевна
0290bb3c-517b-4dd8-8f04-603c98bc7b17;Князева Эммануил Юлианович;Князева;Эммануил;Юлианович
34617158-733c-4d19-a5ab-afb058d4dd13;Григорьева Л. А.;Григорьева;Любосмысл;Архипович
5769a184-00a7-44a0-97b6-2ea9c97671a6;Ширяев Л. Б.;Ширяев;Леон;Богданович
d59f3646-9e09-4cb2-b08d-dc57c16beb1a;Горшкова В. Е.;Горшкова;Виктория;Ермолаевич
48f78765-505a-4db7-9fdb-5680f537a6a4;Матвеев Я. Б.;Матвеев;Яков;Богданович
07551b8f-b8a2-4f92-90e2-2ab2dd1e7798;Дорофеева В. Я.;Дорофеева;Вадим;Яковлевич
d2927ea7-1d85-4adf-a778-6700f648ab19;Лыткина И. М.;Лыткина;Ипат;Матвеевич
dceaccaa-c9bc-4c9c-aa21-cad7ff93a7bb;ИП Зуева П.В.;Зуева;Прокл;Вчкторович
d77e45ef-f36f-45cb-ab38-97ecc54f953c;Давыдова Нифонт Ефимьевич;Давыдова;Нифонт;Ефимьевич
727ddb1b-bd6a-42ca-b960-fa00be4dd338;Морозов Октябрина Аксёнович;Морозов;Октябрина;Аксёнович
afbd7efa-3a6b-4810-86f3-f6aca7003a53;Яковлева В. И.;Яковлева;йарвара;Игнатович
4e5995c8-04c2-465a-8935-0ff68e5cdc0a;БеляковеФирс Александрович;Беляков;Фирс;Александрович
75807603-c465-4f98-bdd0-d7f5d29ee4c4;Горшкова И. И.;Горшкова;Иван;Игнатович
6053ec86-ad3c-4174-a723-f818878002e3;ИП Тимофеев В.Ю.;Тимофегв;Варвара;Юльевна
db705e8e-9f5b-48e7-94f4-908dc9cceb16;Носкова Э. М.;Носкова;Эрнест;Максимовна
7a5e3860-2c5e-4dee-a988-ad1f664d5459;Алексеев М. А.;Алексеев;Мария;Августович
13fc88df-6100-47f8-8cb4-3d2bb1cea9c9;Рожков Нифонт Максимовна;Рожков;Нифонт;Максимовна
22985f3b-45c1-481d-9ca9-12ad08a70592;Беляков Ираклий Максимовна;Беляков;Ираклий;Максимовна
4e2da375-5137-4273-81d3-8157d9ab8be3;Рожков И. В.;Рожков;Иван;Вилорович
0933e22c-3108-4759-84aa-7d1e2d15db0d;Пономарева Ферапонт Дмитриевна;Пономарева;Ферапонт;Дмитриевна
11e56c7e-8947-4504-9c99-9515bb144d4a;Борисова С. Т.;Борисоша;Софон;Тимурович
683f33c8-5d75-4ef9-ac1d-b4b3931aee2b;Михеева Панфил Матвеевич;Михеева;Панфил;Матвеевич
d41e7bff-4c2c-4eec-83cb-76980380bf3b;Назаров Д. Н.;Назаров;Демид;Николаевна
b6b7c891-8a3d-4afd-8a18-245d5e68dd2c;Семенов В. Ю.;Семенов;Всеволод;Юльевна
dde28d25-d736-4347-8102-b64e1f1e8ef8;Анисимов Мир Георгиевич;Анисимов;Мир;Георгиевич
4562e2a8-3fe3-4253-9f4c-f0f5edbde9bd;Орлова Ян Дмитриевна;Орлова;Ян;Дмитриевна
4c3cecb5-e4f9-41a4-9b67-142ba5dfc206;ИП Назаров С.Л.;Назаров;Силантий;Леоновна
4c86c67e-4187-4397-af79-4f13951aa7ad;Васильева Яков Юльевна;Васильева;Яков;Юльевна
c6530afb-b4ea-4318-97b4-132d7b9b11d1;Новиков К. Е.;Новиков;Клавдий;Егорович
ac9df64d-e692-45b3-b3bb-40f111f5af4a;ИП Новиков Л.А.;Новиков;Леон;Ааронович
25c3cc5b-dc64-4540-a45a-44c32085129b;Гришин Поликарп Феоктистович;Гхишин;Поликарп;Феоктистович
2aa42246-4866-4541-b45b-82079741de30;Васильева Спартак Дорофеевич;Васильева;Спартак;Дорофеевич
9350366f-3283-43cd-8de3-d30435f62ade;ИП Васильева Т.Ф.;Васильева;Тимур;Феодосьевич
8d67ac11-bbd8-49c0-89e2-a26f5d585daf;Суханов Корнил Феоктистович;Суханов;Корнил;Феоктистович
1a31a122-51dd-40dc-abb0-321b06904487;Егорова Панфил Максимовна;Егорова;Панфил;Максимовна
06b4ca5b-7838-4f21-ab82-5498d30bfe28;Кудряшов Демид Ермилович;Кудряшов;Демид;Ермилович
63b0cc72-c3e9-459a-96ab-717aa7e581ca;Дьячкова Э. С.;Дьячкова;Эраст;Семеновна
74ebe137-fa92-4965-9419-602709c299b8;Егорбва А. Д.;Егорова;Анна;Дмитриевна
f30c322b-0438-4de0-a86b-77c6b437ad8d;Калинин С. А.;Калинин;Станислав;Аксёнович
2164dd27-d767-4eca-92ce-0610d659e4ee;ИП Лапин П.Д.;Лапин;Панфил;Дмитриевна
c2c40dac-b372-4f72-b86c-e7114f68413d;ИП Рыбакова А.Р.;Рыбакова;Арсений;Руслановна
b8e89f7c-c791-40a3-a511-7a707f4f999a;Терентьева Тимур Фокич;Терентьева;Тимур;Фокич
fe2bdec1-9886-4103-ae3f-b36fc9e1f492;Русаков Александра Валентинович;Русаков;Александра;Валентинович
e43375ec-a28f-4ead-8cd0-601cbdabb9f1;Лапин П. А.;Лапин;Потап;Архипович
34a868c2-1141-442e-a3b7-1f55709edfd4;ИП Ермаков Е.Ф.;Ермаков;Евдокия;Филимонович
cb328872-ddb3-42f7-8321-71255ea9c07f;Медведева Нифонт Георгиевна;Медведева;Нифонт;Георгиевна
d0b2cf8e-ade5-4937-94af-c4bba8ca9160;Горшкова С. Я.;Горшкова;Спартак;Ярославович
9ff1149b-b2da-4e56-b083-f3e680759010;Логинов Софон Ефстафьевич;Логинов;Софон;Ефстафьевич
d5e5f2b9-c1eb-4e2e-8eff-a042b17dc121;Зуева Глеб Наумовна;Зуева;Глеб;Наумовна
eac4cb5e-b1bb-4c54-9fe3-7d50cfbb7dc4;Зуева Глеб Наумовна;Зуева;Глеб;Наумовна
beb6ffe2-7957-4f57-87de-a70545b30f7c;ИП Васильева С.Е.;Васильева;Софон;Ефимьевич
ff69cdd4-10e2-4fcf-b5d1-e0db534892f4;Беспалов Спартак Оскаровна;Беспалов;Спартак;Оскаровна
117f86cd-1a73-4e3c-8d1d-873c0255cb34;Фадеев У. В.;Фадеев;Устин;Вилорович
17115ec1-b2d7-4ad3-aecf-550a684dd6b3;Гришин А. А.;Гришин;Алина;Архипович
de936299-ff67-4cea-a384-c5d6a1f4e397;Горшков Устин Альбертовна;Горшков;Устин;Альбертовна
79003aa3-8016-4c9e-9b37-c6d7bc9accef;ИП Карпова Э.А.;Карпова;Эраст;Ааронович
82456c8f-4e10-4fe4-8896-6e95d776efe5;Орлов Мина Власович;Орлов;Мина;Власович
8f6b62fd-eded-4397-a801-c27ee1313686;Кириллова Клавдий Федосеевич;Кириллова;Клавдий;Федосеевич
0df7ef15-f0e9-4c50-9891-a409c9bf15f5;Анисимов Ферапонт Федосеевич;Анисимов;Ферапонт;Федосеевич
a399c3db-372b-4596-b801-cd23d535dee7;Анисимова Демьян Харитонович;Анисимова;Демьян;Харитонович
ef3cbdae-8d81-4521-b366-bbbdb2807e03;ИП Григорьев Ч.В.;Григортев;Чеслав;Вилорович
d5f3b029-aa87-422e-8131-5bcd3c0ff93a;Михеева А. Х.;Михеева;Антип;Харитоновна
f97f037d-48ca-4e4a-83fb-e4eb6f76a382;ИП Тимофеев И.Г.;Тимофеев;Ираида;Гордеевич
3bcae98d-d11a-4fae-ac8b-495a22a609fd;Ларионов Викторин Архипович;Ларионов;Викторин;Архижович
977257ae-00dc-4e5e-aff8-39f1b75c572f;Власов Трифон Дмитриевич;Власов;Тринон;Дмитриевич
cbdab207-fd92-4d95-8aae-61533fc49174;Анисимов Андроник Федосеевич;Анисимов;Андроник;Федосеевич
cef5575e-abb9-423f-b268-0a5da7590a15;ИП Жуков Н.Е.;Жуков;вестор;Ерофеевич
3b35937d-ff95-4c41-81f9-71983043b9d4;ИП Гордеева И.Ф.;Гордеева;Исидор;Филиппович
caa41c38-769a-4b4f-a4e3-1c0e291ccfbc;Пономарева Корнил Васильевна;Пономарева;Корнил;Васильевна
2abadabc-730d-4308-baa5-c21384607620;Суханов Потап Иларионович;Суханов;Потап;Иларионович
524ee114-bfce-46bd-82f6-0c28aa825750;Носкова Гремислав Егорович;Носкова;Гремислав;Егорович
6133563e-a855-4da7-9a28-c0084c0ebd8e;Молчанов Тимур Фокич;Молчанов;Тимур;Фокич
92cc03c1-b237-4644-b8ba-8b10a7867617;ИП Красильников Н.Н.;Красильников;Нестор;Наумовна
a7450b75-ced6-4082-af89-2d390fdcea94;Красильников Спартак Эдуардович;Красильников;Спартак;Эдуардович
e86eac38-cfd9-4f36-94e5-dfc23664dd4a;Доронина Гремислав Альбертовна;Доронина;Гремислав;Альбертовна
136c2dc0-50aa-4040-b52c-7cdfe02a2b58;Гришин Я. И.;Гришин;Ян;Игнатович
5f0cf3d0-3ac6-4e76-aa03-10e54b347a29;Игнатов Святополк Харламович;Игнатов;Святополк;Харламович
292ddf05-24c1-4039-8c05-bc775ef0ccfa;Антонов Потап Богданович;Антонов;Потап;Богданович
68dab9c9-e450-4d3f-bb39-cfebf7d9ccff;ИП Терентьева Л.Е.;Терентьева;Леонтий;Ефимовна
af36d2e9-c71b-415d-81d9-68a7f8c2a80a;Дорофеев Арсений Эдуардович;Дорофеев;Арсений;Эдуардович
87521d96-e324-4940-ad15-cb09ba427a2d;Сорокин Елизар Богданович;Сорокин;Елизар;Богданович
dac95e9a-f580-4b39-9046-e6d47d212a69;ИП Тетерин Н.А.;Тетерин;Нифонт;Ааронович
6dfc9ab6-5abd-4bf2-b91d-28cb2031d7c6;Красильников Арсений Ефстафьевич;Красильников;Арсений;Ефстафьевич
ea6b7390-a788-4a9b-b12a-19a75ec01fc9;ИП Игнатьева Е.А.;Игнатьева;Евсей;Архипович
179f33c8-b886-4ad8-8d30-09d6ec9931dd;Никифорова К. В.;Никифорова;Клавщий;Вилорович
bcfbf01c-69ba-4c65-a661-28d97cf375a2;Терентьева Андроник Руслановна;Терентьева;Андроник;Руслановна
60363a07-f038-45df-bc23-c3a5238b0291;Егоров А. Ю.;Егоров;Александра;Юлианович
9da0051e-1850-4684-85b8-f10656ea068d;Беспалов Лучезар Ефимьевич;Беспалов;Лучезар;Ефимьевич
572c182a-48bf-4a88-b3e7-17d9793dc777;Дьячкова Прасковья Вадимовна;Дьячкова;Прасковья;Вадимовна
5fb6cf7e-fc4c-4d20-bc21-bfd2939ac69f;Медведева Ферапонт Максимовна;Медведева;Ферапонт;Максимовна
d768caf8-720a-4a36-b172-12bb081d7aaf;Ларионов Елизавета Богданович;Ларионов;Елизавета;Богданович
3ae6699e-f5c5-444e-82fb-48c65b937a38;ИП Молчанов С.Ж.;Молчанов;Станислав;Ждановна
e6aa1302-b70d-47d2-8936-229304f2bdf9;Емельянов Арсений Валентинович;Емельянов;Арсений;Валентинович
21d5ac71-adc5-459c-b0da-d63fbf81ca47;ИП Мишина М.А.;Мишина;Мирослав;Аксёнович
14202594-d347-4dae-b17c-15cbe0106ecf;Новиков Михей Руслановна;Новиков;Михей;Руслановна
347cf86c-3dc6-487d-a928-b3ffa5280615;ИП Никонова С.И.;Никоновк;Станислав;Игнатович
b3ce48e9-3334-4c05-84a5-71a0452c9edd;ИП Никонова С.И.;Никоновк;Станислав;Игнатович
c2121b00-1d47-4334-99c6-47b8f47b1799;Суханов О. Е.;Суханов;Октябрина;Ермилович
95242ba4-4712-41e2-9fee-288dda04dfd5;ИП Фомина И.Л.;Фомина;Иванна;Леоновна
3baa84dd-7aea-4d11-984e-36deaecdc52e;Рожков Ферапонт Никифоровна;Рожков;Ферапонт;Никифоровна
0d7f7c81-02a3-49f3-8979-c361ec8c2f12;Дементьев Силантий Дмитриевна;Дементьев;Силантий;Дмитриевна
350594de-f447-43ab-b15c-c032e58c7dcf;Дроздов Евдокия Харлампович;Дроздов;Евдокия;Харлампович
3cbcbb57-925c-430d-bc8a-74612bb1915d;Дроздов Евдокия Харлампович;Дроздов;Евдокия;Харлампович
db44a0f4-feb5-4d03-93df-a358a4eea58b;Боброва Прокл Аксёнович;Боброва;Прокл;Аксёнович
42eda482-b5b1-46d3-8fe4-31baa2f79a14;Боброва Мирослав Филиппович;Боброва;Мирослав;Филиппович
7df9d08d-c26d-409f-84d3-84ad1444eb78;ИП Кириллова Т.Е.;Кириллова;Тимур;Ерофеевич
7d32828c-c7c9-4c07-99c1-220541da51ed;Григорьев И. А.;Григорьев;Иванна;Афанасьевна
d66923ed-afe8-4580-bb30-01fd14a723de;Семенов Нифонт Дорофеевич;Семенов;Нифонт;Дорофеевич
81c85f66-85ca-42c8-916a-0a2f8442d480;Русаков Вадим Ефимович;Русаков;Вцдим;Ефимович
5808b7ef-e091-4f1c-8cb6-36e4a154df60;Русаков Вадим Ефимович;Русаков;Вцдим;Ефимович
4ab01b2d-6c11-4975-a29d-4e389f61073e;Семенов Леонтий Ааронович;Семенов;Леонтий;Ааронович
cd1b6985-a968-4a43-b57d-18b17674e0e7;Медведева Глеб Ярославович;Медведева;Глеб;Ярославович
2136e257-924d-43c2-81e6-b0447be1a7c7;Мишина М. Н.;Мишина;Мирослав;Николаевна
8c9a4df5-8fc9-4c44-a43f-2d2fe994d7d5;Дементьев Мирослав Харлампович;Дементьев;Мирослав;Харлампович
398c1b15-7f59-47c5-a178-0d542d124afd;Гущина И. М.;Гущина;Ираида;Максимовна
1e56d2e6-6a22-4a4a-932f-70716f1c37c8;Никонова И. Е.;Никонова;Иван;Ефимьевич
3503d30a-ae10-495a-8e6a-4265f5f981b1;Доронина Фирс Фокич;Доронине;Фирс;Фокич
410acf52-d4e4-4457-a93d-6ee03c29b40d;Боброва Демид Семеновна;Боброва;Демид;Семеновна
a832e798-fafd-45a8-880a-91a3c0281a41;Сорокина Агап Тимурович;Сорокина;Агап;Тимурович
393c7797-9c58-45fb-bc3a-e4ea888fc3c8;Давыдова И. Ф.;Давыдова;Ираида;Феоктистович
ee77b021-bcce-4844-ba6b-dbdf26cb2869;Молчанов Синклитикия Васильевна;Молчанов;Синклитикия;Васильевна
a6c9dddb-f31d-4505-828f-936f5edde710;Рыбакова Фирс Алексеевич;Рыбакова;Фирс;Алексеевич
130fa50b-106b-41a7-9da8-9655e523414f;Рыбакова Фирс Алексеевич;Рыбакова;Фирс;Алексеевич
8fcc6bbd-5bbc-4179-92ef-1d04fe15a631;Михеева Лукьян Гаврилович;Михеева;Лукьян;Гаврилович
23bdc29f-b306-496b-adf4-3cdfdd4c9051;Михеева Лукьян Гаврилович;Михеева;Лукьян;Гаврилович
5bc4fc1f-dc91-4126-b058-22c73c48be7a;ИП Петров Г.Н.;Петров;Гаврила;Никифоровна
6fd5cd7f-7355-4f7c-83de-85402745dc7e;ИП Петров Г.Н.;Петров;Гаврила;Никифоровна
c6e5206f-d79f-4666-9bbe-b898458064c4;ИП Кириллув М.Ю.;Кириллов;Мина;Юлианович
7d7f055c-386d-49bd-a7fa-2deef7ee1c08;ИП Макарова Е.Ф.;Макарова;Евсей;Филимонович
5d310594-5c35-48b8-9797-a4e5b8522746;Рожков Мария Бориславович;Рожков;Мария;Бориславович
12470507-1d84-45ce-afbc-25cb6bc1f8ca;Фадеева Виктория Николаевна;Фадеева;Виктория;Николаевна
24d0fae3-794e-47dc-8a1c-f072bbb3a36f;Терентьев Эрйест Ждановна;Терентьев;Эрнест;Ждановна
447a0b0f-995e-4e89-88e4-f9fb252a49ee;Григорьева Е. Э.;Григорьева;Елизар;Эдуардович
122a4806-4c34-40e5-91f2-80bd876a5052;ИП Игнатьева ЛдА.;Игнатьева;Лукьян;Авдеевич
0ab0dd25-6911-458e-93e3-aa54b5b0443b;Третьякова В. М.;Третьякова;Вадим;Максимовна
227f2aac-5d46-4b97-b7ad-71120947af6b;Третьякова В. М.;Третьякова;Вадим;Максимовна
6d00618f-83ef-49fe-8424-bc0d1960834e;ИП Бобров Э.Л.;Бобров;Эраст;Леоновна
b17f7ef1-b82f-436b-9dfc-afc51581393f;Воронцова Тимур Ждановна;Воронцова;Тимур;Ждановна
6b372179-90bc-4f87-b372-474fa0aaa2a4;ИП Филатова Е.Я.;зилатова;Елизавета;Яковлевич
61ff0b91-95fa-45aa-b15d-5f73522bac52;Тимофеев Алина Максимовна;Тимофеев;Алина;Максимовна
0cf870c2-4673-4b7b-8502-8afefe10eddb;АнисимовамЛеонтий Егорович;Анисимова;Леонтий;Егорович
164f9c81-3f62-4ed2-812a-0b3b99051c6e;Дьячкова Л. В.;Дьячкова;Лонгкн;Власович
536dadfe-4af9-4d02-95c7-bdcc193f9854;Григорьева Э. Х.;Григорьева;Эрнест;Харитонович
77b34f4d-f4af-4311-9af6-d21acf15b82f;Логинов Александра Тихонович;Логинов;Александра;Тихонович
45bbd062-a9bf-40c8-aeb5-cbf6d8c3a68a;ИП Шестаков М.Ж.;Шестаков;Мир;Ждановна
9a82f5e5-1061-40ae-b43f-df2b1e5448ee;ИП Никонова П.Е.;Никонова;Прасковья;Егорович
2255e6d7-5ac8-407c-8f8e-e1138abdbc27;ИП Кириллов А.Г.;Кириллов;Антгп;Георгиевич
852b6a3f-bcc7-4620-8018-f1ee630b1142;ИП Кириллов А.Г.;Кириллов;Антгп;Георгиевич
42443cc7-5ea0-4a16-86b6-bea3663dd484;Фадеева Фирс Ермолаевич;надеева;Фирс;Ермолаевич
edf5533a-4790-4065-bfd2-a942901ba436;ИП Дорофеев К.Д.;Дорофеев;Капитон;Дмитриевна
1795a7c4-2a68-4485-a426-441ac6f8724a;ИП Киселева Н.В.;Киселева;Нифонт;Викентьевич
952cdc97-ea2b-4075-9534-90714a30364d;Лобанова Лукия Руслановна;Лобанова;Лукия;Руслановна
8e0dd6a7-1f4c-4683-8fe0-df61331409a7;Морозов С. Х.;Морозов;Святополк;Харламович
311462c3-730b-4449-925b-ad2c8afc1bb2;Титов Георгий Дмитриевич;Титов;Георгий;Дмитриевич
f3d3fec4-dff3-4d7d-9bd8-830ce981c716;Дьячкова Синклитикия Максимовна;Дьячкова;Синклитикия;Максимовна
ef59142b-f7f8-4cc8-b45a-b2827e80a633;Фадеева Демид Викентьевич;Фадеева;Демид;Викеншьевич
a7fc9a3e-37d3-4bc8-8aba-7d4685280c2b;Лобанова Андроник Дмитриевна;Лобанова;Андроник;Дмитриевна
af32c102-8980-4140-ac45-d2c52c461244;Григорьева Панфил Ефстафьевич;Григорьева;Панфил;Ефстафьевич
15c58b84-41bb-4453-9524-5d7cfe00bb90;Суханов Л. Н.;Суханов;Любосмысл;Николаевна
eb504575-f0e8-48f7-a9e6-0e57c9409cc1;Бобров Трифон Аксёнович;Бобров;Трифон;Аксёнович
4486381d-9300-4a5d-8b6b-69ccd00aff4c;Анисимова Лариса Антипович;Анисимова;Лариса;Антипович
3baad20f-a3dd-463e-81e1-d6cbc0312a6b;Анисимова Александра Альбертовна;Анисимова;Александра;Альбертовна
96b60284-7212-48fa-b3b2-b2d7c60aeeea;Носкова Мина Ефимьевич;Носкова;Мина;Ефимьевич
38eaf917-712f-4707-ad21-eaee49c7a10f;Сорокин В.аБ.;Сорокин;Виктория;Богданович
001c2038-2645-4a8c-821e-921e887426d9;Григорьев Андроник Харитоновна;Григорьев;Андроник;Харитоновна
08e46f55-27ea-4949-aed2-9d81210443a7;Григорьев Андроник Харитоновна;Григорьев;Андроник;Харитоновна
ef0d66d6-409e-4701-aa0a-282607f0ad81;Никифорова Агата Брониславович;Никифорова;Агата;Брониславйвич
1f6f82ed-e15a-4b1f-a549-b5fc01e14a95;Князева Панфил Дмитриевна;Князева;Панфил;Дмитриевна
b100052f-d57d-4e82-8722-2d4975dff4c5;Назаров Казимир Фёдорович;Назаров;Казимир;Фёдорович
ffa7b3d9-8ac9-4e5e-a45b-bb63420caf31;Киселева Евсей Ждановна;Киселева;Евсей;Ждановна
784d35b3-0c9f-447b-bafa-0e45b85be2e5;Алексеев Панфил Александрович;Алексеев;Панфил;Александрович
666be454-fe39-44e7-911f-4c59f2fca8b2;Анисимов Велимир Феодосьевич;Анисимов;Велимир;Феодосьевич
8a6c77d4-1e2b-4f61-a61d-255842bc70cd;Лыткина Демьян Георгиевна;Лыткина;Демьян;Георгиевна
d044fa40-26d0-4794-af2c-a7e9f8a3a882;Князева Н. А.;Князева;Нинель;Архипович
1bfece1c-8ca2-47a2-8337-d6b42b3e092a;Князева Н. А.;Князева;Нинель;Архипович
46239a7f-6087-4918-bbde-8001f63d9a05;ИП Сорокина Е.В.;Сорокина;Елизар;Васильевна
2bd1f655-f70b-46b2-a308-df3b9d86b074;ИП Тимофеев н.В.;Тимофеев;Лонгин;Васильевна
13640479-2cf4-4a5a-8e69-ed701adee417;Уваров Капитон Ерофеевич;Уваров;Капитон;Ерофеевич
84dcb998-745d-4734-abdb-fb6f7ae34e28;Григорьев Г. В.;Григорьев;Гремислав;Власович
a438737b-311e-4c9f-860d-222a1fc254d5;Петров Георгий Харламович;Петров;Георгий;Харламович
404959bb-7529-4f42-890e-cb3c532000f9;Петров Георгий Харламович;Петров;Георгий;Харламович
32d3872b-d43b-4cee-a45d-6bab6d96b721;ИП хригорьева И.Д.;Григорьева;Исидор;Дорофеевич
ba61ba07-098d-4a1a-8905-95f6e5beb41f;Рожков Гаврила Дорофеевич;Рожков;Гаврила;Дорофеевич
27c1e738-bdc7-4a8e-9177-0cc2bf895fed;Шестаков Ипат Харламович;Шестаков;Ипат;Харламович
d5a4a37d-4a5d-4787-a5cc-ed2723b62cd8;Ситников Софон Леоновна;Ситников;Софон;Леоновна
aebb1e67-a9d4-4f62-8559-c3fc1c9697fa;Филатова Панфил Егорович;Филатова;Панфил;Егорович
4122d156-ca5d-42c2-838c-4c70ee21671c;Алексеев А. Е.;Алексеев;Анисим;Егорович
a0eaa9fa-f9d5-48a6-bef3-192e08a9cdd7;Алексеев А. Е.;Алексеев;Анисим;Егорович
3d1f19b1-b63a-4951-a590-8cfa792f1fe6;Русаков Г. М.;Русаков;Гремислав;Максимовна
c0b2a20d-2f47-4637-89e2-f1b8713caac5;Тетерин Гаврила Архипович;Тетерин;Гаврила;Архипчвич
a61ea1e7-cde4-45e6-82d4-e1cab38e909d;Орлова Панфил Антипович;Орлова;Панфил;Антипович
b972c71a-4016-44e3-a0d1-017dba8e645a;Лобанова Синклитикия Александрович;Лобанова;Синклитикия;Александрович
ef1a5d41-764a-4913-a1fe-3bdecbb97844;Бобров Мечислав Филипповна;Бобров;Мечислав;Филипповна
5b5ba8d4-5a94-46e1-a21c-792d00cae2db;Игнатов Синклитикия геоктистович;Игнатов;Синклитикия;Феоктистович
cd4e4615-31cc-4859-9a68-44bc87414126;Никифорова Г. Б.;Никифорова;Георгий;Бориславович
497ede49-1a03-4f1d-83d0-1e49dea725b1;Молчанов Е. М.;Молчанов;Елизавета;Максимовнп
a99680e0-b3e4-4dbd-8f40-332ce0578207;Красильников Вера Филимонович;Красильников;Вера;Филимонович
9a3d152f-3f89-4383-9f19-16aa527f5d2e;Тимофеев Елизавета Бофданович;Тимофеев;Елизавета;Богданович
70a6208c-b11e-43bf-8704-8ad4293be57b;Суханов Аполлон Игнатович;Суханов;Аполлон;Игнатович
adda15cb-37d7-4d69-8f31-6100860d70ed;ИП Носкова П.В.;Носкова;Панфил;Валентинович
938ed2ee-278b-4bfa-810f-7310a9a10667;Анисимова М. Б.;Анисимова;Мина;Брониславович
fd7ec2ab-a36c-4a03-9a02-76a6f5e5ec75;Третьякова П. Р.;Третьякова;Панфил;Руслановна
483befbf-3299-4b23-8375-42bfcf69df9c;Назаров Л. Х.;Назаров;Лхон;Харламович
a869e9d0-96d0-4534-bf97-a12345e94f86;Носкова Силантий Георгиевич;Носкова;Силантий;Георгиевич
5ec54e71-203a-4f85-a431-e7321d47aad2;Третьякова Таисия Антипович;Третьякова;Таисия;Антипович
b7181af2-9af3-4779-920f-4d7f1d2c5633;Григорьев Аполлон Ермилович;Грйгорьев;Аполлон;Ермилович
e0e02a2d-a5e7-42d2-9dfc-f0cfd3bffe8e;Анисимова Демид Богданович;Анисимова;Демид;Богданович
53aef95f-ab31-4c21-afee-461b5c23b319;Кириллова Поликарп Ааронович;Кириллова;Поликарп;Ааронович
1e3c68e6-40be-4597-ab26-2eec68a9fd82;Меркушев Трифон Фокич;Меркушев;Трифон;Фокич
6df69f0c-56ef-4471-9e51-3fa3e2208b2b;Третьякова Е. М.;Третьякома;Елизар;щаксимовна
b37f9b21-5e4e-4326-a3e6-9080e656b295;Орлова О. С.;Орлова;Октябрина;Сйаниславовна
84c30daa-f035-400b-99e3-2499df0ac70a;ИП Князева А.М.;Князева;Ажсений;Максимовна
2a1a996d-ab4e-4cfd-8666-fee518d088eb;Карпова Анжелика Викентьевич;Карпова;Анжелика;Вирентьевич
3f8a0eb4-870c-40bf-b62a-4a7963d2cafc;Рожков Казимир Харитонович;Рожков;Казимир;Харитонович
f9038915-55ae-45cd-af2a-1914541ab968;Егоров Тимур Ааронович;Егоров;Тимур;Ааронович
54614125-af30-4027-a8ea-6a0f880a28ea;Антонов Фирс Филипповна;Антонов;Фирс;Филипповна
8d21737d-b06b-43c4-a740-62a8dbebefc9;Терентьев Ефрем Максимовна;Терентьев;Ефрем;Максимовна
d63b1352-354e-4e76-b139-ffb1b7c2956e;Гущина Виктория Валентинович;Гущина;Виктория;Валентинович
6150f1ec-4b53-4e97-869f-9d3e5c77cc4b;ИП Жуков И.А.;Жуков;Иосиф;Архипович
f48a3a52-b5fc-4326-a008-a044b4aaea15;ИП Яковлева Е.В.;Яковлева;Евсей;цасильевна
5dc579c6-bf20-4966-8841-c9396024fa42;ИП Гущина И.В.;Гущина;Иванна;Валентинович
57cf4543-00c2-4d1f-84d8-0f82e0dac156;Емельянов Софон Станиславовна;Сысоева;Яков;Игнатович
9d2ea47e-b8a4-49a6-b889-0f868e68f0f8;Емельянов Софон Станиславовна;Емельянов;Софон;Станиславовна
61c84f32-01a8-426b-83e2-d133061d21cd;Терентьев Г. Е.;Терентьев;Глщб;Ермилович
12f70dce-6d97-4ad8-9531-51ad840fb316;Орлова Трифон Николаевна;Орлова;Трифон;Николаевна
f96f2abb-9658-4ff6-a062-09861106af7c;Власов Прасковья Оскаровна;Власов;Прасковья;Оскаровна
715caad0-f9d7-4db4-9152-14ad086cc510;Фомина И. В.;Фомина;Иванна;йасильевна
cd340a50-1eaa-4a24-aafd-aac53f153fb7;ИП Григорьев О.М.;Григорьев;Октябрина;Максимовна
7a5f34f8-7ae9-4e45-a13e-c52856241e71;Борисова Ипат Леонидовна;Борисова;Илат;Леонидовна
ffb66bd6-7fd9-4d9a-a77f-d2a0d36b9d4d;Титов Я. Т.;Титов;Ян;Трифонович
150524fa-068b-4228-b28b-407e9f9df28e;ИП Карпова П.В.;Карпова;Панфил;Валентинович
5010b8c2-6a2c-46fa-90b3-2f8d72be802e;Фомина Корнил Егорович;Фомина;Корнил;Егорович
b96c6cd6-85f1-4b1c-9d65-63246f2898f9;Дроздов Спартак Трифонович;Дроздов;Спартак;Трифонович
aed9cd88-1d04-4607-b1de-96b4004de788;Лапин Ян Филимонович;Лапин;Ян;Филимонович
9a93a883-598b-44eb-883f-69aad926a88d;Суханов Анна Феоктистович;Суханов;Анна;Феоктистович
0fe34e99-d295-4bbf-9b31-b99b55f3ea60;Овчиннмкова Чеслав Антипович;Овчинникова;Чеслав;Антипович
2e816a41-e32d-4430-9aca-d0aa8d1b5c4a;Воронцова А. Н.;Воронцова;Алина;Никифоровна
93ef5bea-3655-4d03-8a00-3e629b8b2b38;Овчинникова Анжелика Ааронович;Овчинникова;Анжелика;Ааронович
8466548d-89e8-4568-8ac7-1ea2fd585346;Овчинникова Анжелика Ааронович;Овчинникова;Анжелика;Ааронович
5d42e82d-8c9a-4d21-a102-648736564046;Зуева Я. В.;Зуева;Яков;Вадимовна
3b92e49e-b9b5-4b6e-beaa-6648713e9d2d;Зуева Я. В.;Зуева;Яков;Вадимовна
0ac929eb-7e61-4a32-864b-b7fb56e05999;Шестаков Антип Ефимьевич;Шестаков;Антип;Ефимьевич
dbc3717e-706a-4b49-95c2-c6cf1ec4e9ae;ИП Дорофеев Г.И.;Дорофеев;Георгий;Игнатович
968649b1-7de8-475d-9570-ee1c45945d6b;Рыбакова В. Н.;Рыбакова;Виктория;Николаевна
ee9db265-9bdf-47b6-991e-3da271157de9;Григорьфв Ян Ермолаевич;Григорьев;дн;Ермолаевич
1dd10823-2eb9-4b7f-943a-9f96348c6eaa;ИП Суханов Э.Б.;Суханов;Эрнест;Брониславович
67c89650-d5cc-480e-bd5f-114897cb7869;Беспалов Андроник Максимовна;Беспалов;Андрчник;Максимовна
b7360a4b-50b5-4695-87c5-8fc9401629c5;Овчинников Евсей Бориславович;Овчинников;Евсей;Бориславович
73dbb415-6908-47ed-abc3-f25658228ec9;Лыткина Андроник Аверьянович;Лыткина;Андроник;Аверьянович
bfb0a805-944a-4786-a32c-1c80605e8eec;ИП Никитина Т.Ф.;Никитина;Тимур;Филиппович
e259c77e-2569-4ea6-a12f-0fdb81808395;Третьякова Лукия Бориславович;Третьякова;Лукия;Бориславович
140a8f66-f9b8-44d6-945a-1435b921784b;Гордеева Арсенфй Александрович;Гордеева;Арсений;Александрович
772fd0fc-3ffb-4798-8aef-9ae2df866e44;Яковлева Эрнст Васильевич;Якожлева;Эрнст;Васильевич
cc415b9d-80b4-49e6-858b-b8b306bed368;Медведева С. Е.;Медведева;Селиван;Егорович
6e180e27-2d55-4484-8b19-0f6c804c29c5;Беляков Таисия Юльевна;Беляков;Таисия;Юльевна
17f97fff-592c-4c37-a08e-36418e29ad0e;Тимофеев Анна Ефимович;Тимофеев;Анна;Ефимович
13adc860-c894-4c99-b85d-c3d4d30019fd;ИП Горшкова Л.Е.;Горшкова;Любосмысл;Ефимьевич
1e4b09d6-0a24-4cf7-befc-59593c425284;Новиков А. Е.;Новиков;Анна;Егорович
3b85c757-8bc6-4c4f-8d68-23465b59ad62;Сорокин Софон Николаевна;Сорокин;Софон;Николаевна
63b00cc0-018f-4421-908d-0fe38bd40ab3;Киселева А. А.;Киселева;Аркадий;Антипович
e158ca3b-e99a-410d-b140-434c736e8c7d;ИП Носкова Т.А.;Носкова;Таисия;Александрович
127a4304-5540-4e41-b590-69fc65b4b439;Меркушев Каллистрат Харитоновна;Меркушев;Каллистрат;Харитоновна
b1b34594-ad33-45e7-9e57-d18b99eb3985;Рожков Фирс Ефимьевич;Рожков;Фирс;Ефимьевич
002b1653-7046-4ee1-98b7-7755ad3bd8d9;Доронина П. Г.;Доронина;Панфил;Гаврилович
6c526757-e11b-470d-a638-e5046f731319;Доронина П. Г.;Доронина;Панфил;Гаврилович
15193aa5-6bf1-444a-b67d-9c1c5f845219;Назаров Таисия Александрович;Назаров;Таисия;Александрович
9df15da9-76a6-447f-bdc9-074a8f0c81b1;Егоров Трифон Никифоровна;Егоров;Трифон;Никифоровна
17c44d83-9760-47e0-a77f-3e76bea7349e;Филатова Таисия Георгиевна;Филатова;Таисия;Георгиевна
cfa7cf3e-0c29-4497-826c-822bdc7b110a;Филатова Таисия Георгиевна;Филатова;Таисия;Георгиевна
e0e924b4-8c3b-48da-8d86-a9ce09508011;Рыбакова Анастасия пковлевич;Рыбакова;Анастасия;Яковлевич
d2934000-1d5a-419c-a8e4-a572bffff4cd;ИП Семенов А.Б.;Семенов;Антип;Богданович
dd5201ba-5628-4b80-ae26-1af883f524fa;ИП Беляков П.С.;Беляков;Прокл;Семеновна
48d6ddb8-f39c-479c-9275-b828f5d3c0cb;Фомина Е. В.;Фомина;Ефрем;Вадпмовна
acdeee71-7c50-403a-8a5f-70a2b52b648a;Князева Аркадий Харламович;Князева;Аркадий;Харламович
b54b25c5-e2af-4c3f-bd96-19ad011eca94;ИП Молчанов И.Ф.;Мвлчанов;Иван;Фомич
c7ce333b-3f37-4041-9583-f034d7a6968e;Блинова Чеслав Ефимовна;Блинова;Чеслав;Ефимовнн
892e21ec-0eb0-4df9-8e1f-323a40431818;Лапин Нифонт Егорович;Лапин;Нифонт;Егорович
38d95907-0759-476b-b4db-73d222c79b75;Горшков Е. Ф.;Гобшков;Евстафий;Филиппович
e04ba0bc-214a-468b-8112-9609ea3f873d;ИП Боброва С.М.;Боброва;Синклитикия;Максимовна
37d42714-f35a-4762-8900-17f1e466ec58;Куликов Феофан Ефстафьевич;Куликов;Феофан;Ефстафьевич
51f1c4ef-c2d1-4a1c-aae5-54fee71a131b;Борисова Я. С.;Борисова;Яков;Станиславовна
fc866f48-0be4-4fb2-8565-9b2223885390;Григорьев Софон Гордеевич;Григорьев;Софон;Гордеевич
cb825e38-0fd0-467d-90c8-2267da7a34d4;Фомина Вера Игнатович;Фомина;Вера;Игнатович
d00d12f4-528a-4b4b-aa27-1a6343074556;Уваров Ян Аверьянович;Уваров;Ян;Аверьянович
5bd31f45-2751-45af-acac-0c11b8988610;Терентьев Леонтий Ефстафьевич;Терентьев;Леонтий;Ефстафьевич
dda68f66-6ad2-43bc-92ff-86ee8e17fb11;Терентьев Леонтий Ефстафьевич;Терентьев;Леонтий;Ефстафьевич
4175031f-7bd9-4b4d-8f79-7b2732fa9894;Дементьев фраклий Ерофеевич;Дементьев;драклий;Ерофеевич
a6c8693c-e9a5-47dd-b407-cacdeb27ba62;Тетерин Ефрем Леоновна;Тетерин;Ефрем;Леоновна
b241f94c-7052-41e1-a28c-b802eb8a0aec;ИП Кириллов Ф.Ф.;Кириллов;Ферапонт;Филипповна
0cb2edc4-fafa-4dab-98cb-333b081b8765;Орлов А. А.;Орлов;Андроник;Алексеевич
fae8408b-4df2-4586-a283-b6085480830f;Никитина Селиван Аверьянович;Никиуина;Селиван;Аверьянович
8fa58c37-3d3f-4588-9d9d-ad295827b6e3;Субботина Л. М.;Субботина;Леонтий;иаксимовна
bcd6a4b0-2c77-4f21-b709-705bf41126ff;ИП Беспалов М.Еу;Беспалов;Мир;Ефстафьевич
7847c701-26f9-4eb5-9ea9-ddd51ca494f7;Григорьева Устин Феодосьевич;Григорьева;Устин;Феодосьевич
a3b7dcce-f36d-42de-92ea-229b91d832b2;Лапин Георгий Егорович;Лапин;Георгий;Егорович
3e5c92f6-aeaa-4fa6-8f17-a868588260bb;ИП Борисова М.М.;Борисова;Мина;Максимовна
770eacee-d4b4-4bb6-978f-65db5e251d84;Жуков Виктория Фомич;Жуков;Виктория;Фомич
5dd8894d-ad9f-492b-abf0-23ac6512d7c4;Гущина Е. Е.;Гущина;Евсей;Ефстафьевич
fc74b2d5-7dd1-4433-8bd5-b91892ca651d;Русаков Иосиф Яковлевич;Русаков;Иосиф;Яковлевич
0b0fbebf-ff25-41dd-a370-8125e1bf895a;Беспалов Евстафий Семеновна;Беспалов;Евстафий;Семеновна
fa82f3bc-0b1b-4e67-b4a3-d87cf3733b49;ИП Дементьев Л.Н.;Дементнев;Лариса;Никифоровна
64edbca2-e68c-4478-94fe-cb4aac40d056;Логиров Прокл Ждановна;Логинов;Прокл;Ждановна
96457f10-6e87-4f97-b6f5-949fc2344262;Новиков А. о.;Новиков;Агата;Филимонович
555b8393-11d4-44e5-a054-b3afc450d1b7;Новиков Евдокия Филипповна;Новиков;Евдокия;Филипповна
4c22cb34-fe1a-4cd1-851a-f412241f3e2c;Орлова Вера Николаевна;Орлова;Вера;Николаевна
515feb50-c28d-447a-a29e-a16033b14348;Борисова Леонтий Харитоновна;Борисова;Леонтий;Харитоновна
425fdab2-98a4-4641-ae79-cab336620ef1;ИП Дроздов П.Х.;Дроздов;Потап;Харлампович
cc3112a3-51d0-4737-add8-c51396baa642;Русаков А. А.;Русаков;Агата;Августович
b4f4bc2a-6859-4038-822f-7dfba0074e35;Доронина А. Ю.;Доронина;Аркадий;Юлианович
83aa4ad9-74c6-4805-886c-11d40be6a2fc;ИП Каселева К.Г.;Киселева;Капитон;Георгиевна
02d8d5db-4774-44cc-bae4-b2aefb3ea1be;Беспалов Лариса Валентинович;Беспалов;Лариса;Валентинович
128b813e-c76a-4fc7-b5ed-cfe4fab026a2;Сорокина Евдокия Афанасьевна;Сорокина;Евдокия;Афанасьевна
89f20415-d77d-46bf-8f7d-68bbc1ccb4ab;Беляков Е. А.;Беляков;Евсей;Алексеевич
62853112-7876-4c09-8992-e2bdfe173152;Титов Э. И.;Титов;Эрнест;Игнатович
47792a63-a66c-4e12-bfb7-19ebda832681;Григорьева Лучезар Ефстафьевич;Григорьева;Лукезар;Ефстафьевич
5292f1cb-9f1c-489a-8c68-b7d68f26f287;Сысоева Поликарп Николаевна;Сысоева;Поликарп;Николаевна
ea414a9d-aafa-4be3-bf0e-0b11d24cb143;Медведева Иосиф Ефимович;Медведева;Иосиф;Ефимович
24cb62a7-84dc-4843-8eee-d01ef2844614;Титов Л. Н.;Титов;Лонгин;Николаевна
0715618d-ee68-41c8-b90b-9402bb714923;Гришин Ефрем Вилорович;Гришин;Ефрем;Вилорович
cf95ca45-36ec-4f30-8e8b-5e3b331e2562;Алексеев Я. И.;Алексеев;Ян;Игоатович
a3197d69-d112-4ffc-b0a2-47765df5be83;Красильников Вадим Феодосьевич;Красильников;Вчдим;Феодосьевич
74a4af19-a528-4bb4-9165-956aed017578;Соболев И. Е.;Соболев;Иванна;Ермилович
9d4abd82-ff87-4da1-a412-9f1a4585c979;Елисеева Вера Васильевич;Борисова;Леонтий;Ааронович
effc6057-23e5-435c-880b-3375c5fc0bcb;Елисеева Вера Васильевич;Елисеева;Вера;Васильевич
c71cb7f2-2097-4c53-93db-c8a89af2db82;ИП Гришин В.Х.;Гришин;Всеволод;Харитоновна
78ae9911-c7ee-4c8d-9126-3df39c91e74c;Власов Елизавета Иларионович;Власов;Елизавета;Иларионович
12667bc1-96a6-4510-af18-298ef33c86e9;Калинин Селиван Богданович;Калинин;Селиван;Богданович
61fdfd3f-20a7-4e2e-85a3-acff93b0893d;Суворова М. Д.;Суворова;Михей;Дмитриевич
8997a5e2-2711-4219-aef1-eaf1da007e3e;Бобров Ираклий Авдеевич;Бобров;Ираклий;Авдеевич
aad845a1-a15e-4334-b46c-5dd6d564ff49;Сысоева А. Б.;Сысоева;Анна;Брониславович
bd392b84-a65c-4d48-b66a-21026bdd8422;Дроздов В. Т.;Дроздов;Вера;Тихонович
6912eb4e-cdcf-47c4-8c76-9770a7506657;Игнатов Любосмысл Леонидовна;Игнатов;Любосмысл;Леонидовна
879950d3-067c-4c62-85b8-9aed2b44983c;Найаров Мина Харламович;Назаров;Мина;Харламович
5731b588-44ff-4536-8c98-e182570bbaac;ИП Семенов Н.Е.;Семенов;Нифонт;Егорович
85c8f84d-46d5-4c65-9653-9788165fb559;Орлов Виктория Бориславович;Орлов;Виктория;Бориславович
29dd0dd8-bcdc-4066-a041-b72253a06790;Пономарева Ян Макаровна;Пономарева;Ян;Макаровна
2b35b686-22a4-48ff-8b93-db9d72522a9f;Суханов Нифонт Дмитриевна;Суханов;Нифонт;Дмитриевна
b50b19bb-7065-4a63-81d3-1084e1af6b1b;Матвеев Агап Ефстафьевич;Матвеев;Агап;Ефстафьевич
0d058385-cdc8-42bd-803c-b91a32f7bc50;Ширяев И. Ф.;Ширяев;Исидор;Феодосьевич
1aae1a77-f3b2-4eff-a67c-b5549502f2b9;Воронцова Потап Наумовна;Воронцова;Потап;Наумлвна
834a12b6-1135-4088-87cf-9f9909d9b529;Михеев Ян Дмитриевна;Михеев;Ян;Дмитриевна
078c85a1-0605-41a1-8f38-53d217f97780;Ширяев Ф. Л.;Ширяев;Фирс;Леоновна
86958d8f-0ead-4319-a348-3c19625c9d16;ИП Ермаков Е.Е.;Ермаков;Елизгр;Ефстафьевич
4f12b61d-64d9-4c35-9cf1-1dfce10dda76;Третьякова Станислав Богданович;Третьякова;Станислав;Богданович
e294bb54-291d-4862-86ac-5bf34dac4b69;Назаров Ян Филимонович;Назаров;Ян;Филимонович
63cbd359-da75-4cd0-bd88-56a47a9354a2;Елисеева П. А.;Елисеева;Потап;Алексеевич
db1cfc2c-9310-4df6-824b-b35fd320be0a;Русаков Корнил Дмитриевна;Русаков;Кофнил;Дмитриевна
98b905b7-42e3-49e9-8f75-26ab3c524f9a;ИП Григорьев Э.И.;Григорьев;Эрнст;Иларионович
44c6848e-8465-4b3e-a6e1-4437f27fe710;Бобров Евдокия Филиппович;Бобров;Евдокия;Филиппович
60368553-10ab-43a1-9de9-69b0cc0a0930;Игнатов Исидор Егорович;Игнатов;Исидор;Егорович
dd0b22e2-c098-446e-948a-4294ccfadbf0;ИП Семенов М.В.;Семенов;Мария;Валентинович
916163c3-7db8-4f30-9383-2b5fff4c59c4;ИП Семенов М.В.;Семенов;Мария;Валентинович
b8e50fe2-d2fa-4b46-a2ce-731d8ce122aa;Беляков Аркадий Егорович;Беляков;Аркадий;Егорович
a174bac8-217a-4743-95da-937fd4acdbc2;Кудряшов Е. Д.;Кудряшов;Евсей;Дорофеевич
1fa43f6e-4d25-438f-9151-7ec55a08e909;ИП Фадеев И.Х.;Фадеев;Иосиф;Харлампович
fef19495-4bd8-4f67-8d99-0da97e26054d;Беспалов Аркадий Васильевна;Беспалов;Аркадий;Васильевна
7bcb732b-de0d-4abd-ab82-526e4a3bb76f;Борисова Прокл Макаровна;Борисова;Пройл;Макаровна
9846b017-8fed-48b5-acab-0ebdbbe52211;Крюков Виктория Власович;Крюков;Виктория;Власович
f40c901a-0ab4-40f0-8d40-6654357fc4da;Русаков Вадим Макаровна;Русаков;Вадим;Макаровна
40c0e42e-c959-4b5a-bf78-ab099f61ae64;Орлова Прасковья Ефимович;Орлова;Прасковья;Ефимович
604ed539-5984-4848-b4cc-b9af963d9a18;ИП Семенов В.Е.;Семенов;Вера;Егорович
194d6cc0-f888-4995-8b65-dd256459d70d;Григорьев Фирс Фомич;Григорьев;Фирс;Фомич
a33861f0-9a2b-4e16-9655-71acaac759da;Григорьев Фирс Фомич;Григорьев;Фирс;Фомич
afa48191-db67-44cb-8357-bb9da6c21108;Медведева Н. Е.;Медведева;Нинель;Ермолаевич
0fbd7986-2051-430e-8ae1-0ee9c95f9046;Молчанова Ираида Оскаровна;Молчанова;фраида;Оскаровнх
a7068d6c-47a6-42ec-8e84-c8b2d083e018;Боброва Автоном Ильясович;Боброва;Автоном;Ильясович
ca341636-1480-4b4c-9c87-26a74e0cf27d;Игнатов Алина Авдеевич;Игнатов;Алина;Авдеевич
e3ecdaba-d600-48ae-bff7-594e68fdd8c1;ИП Сысоева Д.Н.;Сысоева;Демьян;Николаевна
ef3ad643-eaf6-4fa5-a5ab-30dfe4cc58cb;Дорофеев Октябрина Фёдорович;Дорофеев;Октябрина;Фёдорович
f95dbec7-65ad-4155-8fd9-dd5a2d1259cd;Михеева П. Е.;Михеева;Прокл;Ефимовна
26cd1620-271c-49bf-b508-466f00336e20;ИП Беспалов С.Б.;Беспалов;Спартак;Брониславович
7aab0f78-3a12-4cb3-8d90-0bd6ab2a1374;ИП Беспалов С.Б.;Беспалов;Спартак;Брониславович
1f7de875-493a-4c25-9f26-fe7f5819d567;ИП Терентьева Л.Г.;Терентьева;Леонтий;Георгиевич
6fbbca77-09f6-4cab-81c3-feb0078a0d4c;Михеева Александра Ждановна;рихеева;Александра;Ждановна
6d8cdc7f-d795-4f79-aaa3-1dfc8362b414;Мишина А. Ю.;Мишина;Андроник;Юльевна
32174867-69ca-4268-b608-35179edb2e8d;Никифорова Анастасия Станиславрвна;Никифорова;Анастасия;Станиславовна
51e294a1-701b-4cee-bec1-45e74f757da3;Дьячкова А. Н.;Дьячкова;Александра;Никифоровна
96bb4432-8960-4880-bfc7-0dfa4f9ec1ff;Кириллов Елизар Бориславович;Кирсллов;Елизар;Бориславович
7a9def1d-5af5-4d55-b552-63d188b71c4f;ИП Бобров А.Л.;Бобров;Арсений;Леоновна
5af6ad81-bd5a-4f04-883a-ca36bf9b8a72;Михеева Виктория Иларионович;Михеева;Виктория;Иларионович
a50e3467-6647-4448-bb40-5772c9273601;Куликов Виктория Егорович;Куликов;Виктория;Егорович
8f841fb7-64c2-4d23-9741-7d535baac953;ИП Ларионов И.Е.;Ларионов;Иосиф;Егорович
57ee1568-2e99-45d0-9503-db6e1ed517df;Сергеева Софон Харлампович;Сергеева;Софон;Харлампович
05bd3fce-13c5-4f43-9498-47ddf17f34e3;ИП Князева П.Х.;Князева;Панфил;Харитоновна
5b6022db-b88a-4bfe-ba1f-713be8aa3908;Уваров Н. Я.;Уваров;Нифонт;Ярославович
829330d3-85f9-452d-a778-dfd6c57db531;Давыдова Корнил Иларионович;Давыдова;Корнил;Иларионович
db677eae-d86f-441f-a7f0-95b92dd75794;ИП Титов А.Ф.;Титов;Аполлон;Феодосьевич
80e2b87e-fe2a-4023-91a2-60168f05337a;ИП Карпова Г.А.;Карпова;Георгий;Александжович
1000dd6e-eaf5-4673-a6e4-4d97f68f90d5;ИП Горшков Е.ц.;Горшков;Евсей;Георгиевич
8b339718-99b2-44c0-b91d-06498a6b3da9;Беспалов О. Л.;Беспалов;Октябрина;Леоновна
82ffdd66-8d0b-4f5f-985d-a23c33309ff9;Субботина Э. Б.;Субботина;Эммануил;Богданович
926749d9-e2a7-4c41-9eb6-da3e1cfa4f2a;Меркушев Софон Иларионовив;Меркушев;Софон;Иларионович
15222f6f-3bfa-4811-ad4d-ae496e168a7f;ИП Боброва К.Ф.;Боброва;Капитон;Филимонович
12dda46f-c65c-4acf-8974-220c3cce05d5;Григорьев Лукия Яковлевич;Григорьев;Лукия;Яковлевич
d904d18f-da18-4bf1-a332-f87d13dc3883;Макарова Н. Я.;Макарова;Нифонт;Яковлевич
ce008e48-652c-40b0-b9fc-88f806fb5c99;Боброва П. Б.;Боброва;Панфил;Богданович
2323a20a-4d4f-45f9-a16c-e9bde10db3f4;Карпова Ян Ерофеевич;Карпова;Ян;Ерофеевич
a53e4e0d-349c-4021-bc0a-95ad76cd0b4d;Фомина Глеб Эдуардович;Фомина;Глеб;Эдуардович
63cd52cb-1bb5-46aa-ac74-c412914d7ffb;Гущинр А. Г.;Гущина;Анна;Геннадиевна
3c9d0b4b-bc90-43a6-ba01-285c8d20f1f7;Петров Т. Ю.;Петров;Таисия;Юльевна
5e075574-63f4-41f2-b0df-8dbc9c093703;Молчанов Гаврила Игнатович;Молчанов;Гаврила;Игнатович
6fadbc95-17a9-4493-b192-de115aa3bda2;Фадеева Лучезар Федосеевич;Фадеева;Лучезар;Федосеевич
9dd01a2f-9d77-471c-8ca7-fce598f4db9a;Ширяев Лукьян Леоновна;Ширяев;Лукьян;Леоновна
2dbac73d-7110-4cfa-8ead-6c14f57f8eac;Давыдова Мина Ааронович;Давыдова;Мина;Ааронович
88c67f55-b4a6-4518-af2d-d6a223449985;Мишина Демьян Филипповна;Мишина;Демьян;Филипповна
204da6b9-24d7-4553-810b-299aa7b0e059;Гордеева Евдокия Богданович;Гордеева;Евдокия;Богданович
5ee9af62-2f9b-41cf-9d80-25887ed8f208;Уваров С. Х.;Уваров;Синклитикия;Харитонович
c8880058-e06f-4a7c-bfa4-f8a2f843cd8d;Анисимов Георгий Федосеевич;Анисимов;Георгий;Федосеевич
5a204cb5-ccaa-4f82-90ba-4af7fbf3a2be;Уваров Всеволод Юльевна;Уваров;Всеволод;Юльевна
a9d0b3cb-0831-4f9c-b2b7-917ce8224f10;Медведева Варвара Ильясович;Медведева;Варвара;Ильясович
e7b77c16-b0f9-440e-913e-9a5cca152a31;Филатова Е. Ф.;Филатова;Ефрем;Филиппович
ffb5965b-2790-4086-982c-1b28f5db27e1;ИП Киселева О.И.;Киселева;Октябрина;Иларионович
d4e59fa7-f674-4ed4-a7d4-b9b4223802b3;Горшкова Гаврила Максимовна;Горшкова;Гаврила;Максимовна
36b99500-85bb-4b2a-84fc-dc3a0efa2910;Давыдова Варвара Леонидовна;Давыдова;Варвара;Леонидовна
32b251e2-92ae-4bac-aa9c-ea59f4216a08;Фомина Всеволод Дмитриевич;Фомина;Всеволод;Дмитриевич
f89e8ecc-4eea-4789-bdad-a32b81729102;Ширяев Лучезар Юльевна;Ширяев;Лучезар;Юльевна
3188f8f9-9515-406e-b0ab-588b36da7fae;ИП Лобанова К.Ж.;Лобанова;Клавдий;Ждановна
356767a5-af5a-4911-ba13-514eaa73b393;Тимофеев Леонтий Харитоновна;Тимофеев;Леонтий;Харитоновна
0cd57985-af97-49be-ab2a-3f8ff953e3e5;Горшков Евсей Аверьянович;Горшков;Евсей;Аверьянович
ba0dfc8a-4139-428c-8a7a-3d0e0bbccbdc;Васильева Ферапонт Ерофеевич;Васильева;Ферапонт;Ерофеевич
abd42c5b-35c5-42a8-806f-bfd144e2f004;Боброва Потап Филипповна;Боброва;Потап;Фижипповна
b5dc2511-8c08-49b0-858d-03a0d6d568f0;Овчинников Таисия Харламович;Овчинников;Таисия;Харламович
0f093204-182a-46bd-b314-9a209422b3aa;Блинова Елизавета Филиппович;Блинова;Елизавета;Филиппович
710197ee-30e4-4894-8d49-7795db167bde;Ситников Вадим Егорович;Ситников;Вадим;Егорович
a65608ce-1d3e-426d-be6d-f7b887b04164;Давыдова Лучезар Августович;Давыдова;Лцчезар;Августович
b634d58b-2f9a-4430-9d4e-9922b0a4029c;ИП Анисимов Т.Е.;Анисимов;Тимур;Егорович
f9282de5-b712-4378-8993-cc6c1dc5768b;ИП Сорокина Л.Ю.;Сорокина;Леонтий;Юльевна
f877faab-de47-4417-b9c3-c2d5f668714f;Тетерин Ян Никифоровна;Тетерин;Яц;Никифоровша
ed6aa705-a57b-410a-bb03-a6e3e4224b90;ИП Никифорова Т.Л.;Никифорова;Трифон;Леоновна
78879d27-ce4a-4a60-a60d-df010c0e1df4;Русаков Агап Ефимовна;Русаков;вгап;Ефимовща
9f445b87-77d6-42c1-b139-9f70a5f74cf0;ИП Орлов С.Х.;Орлов;Синклитикия;Харламович
800ba33d-b769-464d-9b9f-64c0f9920d40;Антонов М. С.;Дроздов;Синклитикия;Максимовна
790c52ed-3204-4e70-9026-fa1727e77826;Антонов М. С.;Антонов;Мир;Станиславовна
471b1d3a-23bb-4373-a3f4-38b3944d0723;Сысоева Арсений Ефимовна;Сысоева;Арсений;Ефимовна
7d065826-b895-47e2-9e03-8939f5bc7fea;Власов Капитон Гордеевич;Власов;Капитон;Гордеевич
a402f905-a758-4fc9-ba14-1405d9b29a0b;Яковлева Святополк Александрович;Яковлева;Святополк;Александрович
d02781a4-1aef-4561-abfc-251a7537aaf3;Молчанов Октябрина Иларионович;Молчанов;Октябрина;Иларионович
e9c3f878-d8c4-4621-9925-533aed8f6971;Васильева Евстафий Иларионович;Васильева;Евстафий;Иларионович
fc05054d-78ff-41d8-b6fb-35492ec8fdce;Орлов Тимур Ааронович;Орлов;Тимур;Ааронович
84f852d1-d9ef-4b32-a31e-37761b28e5f2;Орлов Тимур Ааронович;Орлов;Тимур;Ааронович
17451394-df82-4ece-be1e-f64c350a5704;Ширяев Евстафий Ефстафьевич;Ширяев;Евстафий;Ефстафьевич
fc086f9f-09ac-479c-bcf3-dc9955f43bbd;Григорьев Алина Руслановна;Григорьев;Алина;Руслановна
8d7ac2e5-7dd8-4eaa-99c4-c99845a1c040;ИП Беляков А.Р.;Беляков;Анастасия;Руслановна
be57b6a1-cf5c-4850-986e-36a31d4a1cae;Давыдовд Агата Максимовна;Давыдова;Агата;Максимовна
45387493-dba8-4631-b4c3-cfc70af0c1d0;ИП Калинин В.Р.;Калинин;Вышеслав;Руслановна
be6bbb50-9619-4974-aa22-c34ae1fa8dfc;Орлов Евсей Августович;Орлов;Евсей;Августович
a2c421e7-806d-41e0-8e48-d5e7eac0ee42;Никитина Ираида Ерофеевич;Никитина;Ираида;Ерофеевич
2e204e68-acac-4482-9ed8-d834cf8c11c4;ИП Меркушев Е.А.;Меркушев;Елизар;Августович
e6d36988-ebd3-436e-bdb5-5b08f4b864cd;Сорокина Евдокия Валентинович;Сорокина;Евдокия;Валентинович
c7c4f056-cb07-4dca-b262-73cb084d65ea;Красильников Казимир Ярославович;Красильников;Казимхр;Ярославович
e753c100-0cc9-461f-8f0f-ee17fea98227;ИП Уваров Л.В.;Уваров;Лукьян;Васильевич
5ccd230d-4d7b-42d0-b03b-5b1fa1e3e064;Киселева Феофан Ефимовна;Киселева;Феофан;Ефимовна
f34b2e0b-d69a-4a44-905e-7a8baf00c0ee;Соболев П. Д.;Соболев;Поликарп;Дорофеевич
486bfee5-e2ff-4246-bb1c-2c2c7b8c10f1;Давыдова Евстафий Яковлевич;Давыдова;Евстафий;Яковлевич
06fbc4a7-7043-482f-af5b-9fd01860e103;Суворова Т. Ф.;Суворова;Таисия;Филимонович
71c45bef-a57b-4d8d-9125-2028e83f838e;Суворова Т. Ф.;Суворова;Таисия;Филимонович
8efa8dfc-3d89-471a-ac99-25ac65a02c3c;Киселева Андроник Богданович;Киселевй;Андроник;Богданович
606a1ac8-4a8d-43e5-a6c3-6d925ab74dbf;Беспалов Эрнест Георгиевна;Беспалов;Эрнест;Георгиевна
f19e554c-030b-4813-8863-74052e10c8e2;Молчанова В. И.;Молчанова;Вышеслав;Иларионович
34b801c8-4612-4458-ab9f-469560da8281;ИП Алексеев Э.Б.;ллексеев;Эдуард;Бориславович
a9f1d8bd-5a01-4f78-a689-af3f96a33f9d;ИП Григорьева Э.М.;Григорьева;Эдуард;Матвеедич
56514808-bff2-4437-83be-14cd97365902;ИП Мишина П.Е.;Мишина;Панфил;Ефимовна
97d2d15a-f109-4df5-9bc9-9edce6870b84;Суворова К. Е.;Суворова;Казимир;Ефимовна
d0deeca7-d509-4eb4-8609-78c88964cf6f;Яковлева Алина Вилорович;Яковлева;Алина;Вилорович
1d138825-4276-48fd-a287-677cdae4acc9;Третьякова Анна Юльевна;Третьякова;Анна;Юльевна
403b40d8-a2c3-4a1f-a614-bcf7fd407804;Мишина Устин Викторович;Мишина;Устлн;Викторович
c391fee4-9df6-4761-84e0-21b758247ca7;Русаков Фирс Гаврилович;Русаков;Фирс;Гаврилович
3b7fadd4-6d4a-48c2-b05a-ffbef71d4dc9;Меркушев П. Г.;Меркушев;Прасковья;Георгиевна
91901d43-275a-43fa-baf9-a91089f10047;Молчанова Евсей Ермилович;Молчанова;Евсей;Ермилович
37a26e8b-be2e-44e5-90ae-b56e63b753c8;ИП Дьячкова А.И.;Дьячкова;Агап;Ильясович
8e53b69c-d0cd-4c6c-8d73-0fadcb500e9e;Крюков Клавдий Гордеевич;Крюков;Клавдий;Гордеевич
99938908-124f-4d0c-b01c-d8bb3ffd39ca;Никифорова К. М.;Никифорова;Капитон;Максимовна
a68ff866-cc80-4f50-b48c-2a5228fd8ab6;Орлова Велимир Архипович;Орлова;Велимир;Архипович
a4535aab-e49e-494d-832c-a2886b52fb4d;Давыдова Алина Максимовна;Давыдова;Алина;Максимовна
52ad37e5-90c9-4912-88fc-85eb2bc3791a;ИП Фадеева Л.Б.;Фадеева;Лариса;Бориславович
58c8e91e-9c4e-475a-aab5-141b05f28561;Субботина Е. Ф.;Субботина;Ефрем;Фёдорович
6e73267e-f3f5-4972-96c4-658745dbecac;Фомина П. Е.;Фомина;Поликарп;Егорович
bb89617d-cc7a-4546-8d2d-4d132d4c4e4c;Ширяев Л. Ф.;Ширяев;Лукия;Фокич
e055121f-5836-4283-b92f-d5405220f574;Лобанова К. Д.;Лобанова;Клавдий;Дмитриевич
db64bbed-e189-4fde-9e31-a74152c85b7d;Фомина Трифон Антипович;Фомина;Трифон;Антипович
4d7da4c5-c505-407b-8841-c1e9f9945863;Третьякова Алина Леоновна;Третьякова;Алина;Леоновна
2f87110e-f645-4e28-96f5-a9588eeba84f;ИП Петров С.В.;Петров;Силантий;Васильевна
2623c6aa-e622-4b19-bfd8-d4f38fd08040;ИП Антонов С.Т.;Антонов;Синклитикия;Тихонович
07c4ce2a-cf34-4fcf-bbc4-2958bd73fba5;Куликов Л. А.;Куликов;Любосмысл;Аксёнович
2b652915-cdc5-4d10-a59c-ee3aa2e1b5d7;Назаров Анисим Ефстафьевич;Назаров;Анисим;бфстафьевич
e2defe7a-2cb7-448f-87f2-70a13b4ef3f1;ИП Филатова А.Е.;Филатова;Агата;Ефстафьевич
cc7da078-247f-4905-b308-e70fd81c61b4;Фадеев П. В.;Фадеев;Прасковья;Викторович
8bc0d34c-5df5-4e26-b5b0-d33fc7c735df;Макарова Устин Валентинович;Макарова;Устин;Валентинович
517b526f-3a5f-4840-b97c-1d2e3f274531;Горшков Гремислав Харламович;Горшков;Гргмислав;Харламович
3b62379d-3c58-47e8-889d-1801c3780abb;Калинин Лукьян Бориславович;Кллинин;Лукьян;Бориславович
439e04c0-3665-474e-bf7f-8ab36597d4d5;Игнгтов Анисим Васильевич;Игнатов;Анисим;Васильевич
958dd92c-eced-4217-8674-176390361514;Кудряшов Мина Федосеевич;Кудряшов;Мина;Федосеевич
521c7ac9-1a63-42d9-a4fd-f8d0d84534d5;Гущина Эммануил Максимовна;Гущина;Эммануил;Максимовна
eff0afdb-218f-4005-ae50-06f7651f8e2b;Кудряшов Селиван Ефстафьевич;Кудряшов;Селиван;Ефстафьевич
78fd7f30-404f-42bf-8aa8-2e5248177a70;Ситников Поликарп Афанасьевна;Ситников;Поликарп;Афанасьевна
f1d8a87c-8ad6-46e4-bdc5-94f1e18f6f89;Медведева Виктория Викторович;Медведева;Виктория;Викторович
7390d33e-e7da-4b01-8fd3-9207ccd8260c;Ермаков Т. Р.;Ермаков;Трифон;Руслановна
dd7799c1-fe3d-4c0b-92e0-02a2481300d0;ИП Медведева М.А.;Медведева;Михей;Аксёнович
729ec40d-7946-4ff4-8b99-c395be513956;Дьячкова Ираклий Егорович;Дьячкова;Ираклий;Егорович
ccc4656c-ea8c-441b-9724-ac22505b313b;Рыбакова Эрнст Дмитриевна;Рыбакова;Эрнст;Дмитриевна
e5a7edcc-6762-4d47-9cc5-934cab56d670;Мишина Исидор Аксёнович;Мишина;Исидор;Аксёнович
8f8c5ae4-8c82-4fb1-a523-6d53a6d593c1;Ермаков Поликарп Богданович;Ермаков;Поликарп;Богданович
8c54b353-d7c4-490a-b1fd-a6ba261d098a;ЯковлевааЛ. Г.;Яковлева;Любосмысл;Геннадиевна
8095143c-52dd-4f50-8f72-34b399f1058f;Сорокина С. Г.;Сорокина;Святополк;Геннадиевна
e850c60b-08fa-4968-8810-6b20631e0800;Молчанова В. Х.;Молчанова;Виктория;баритоновна
8fc7b1ab-3b42-45a3-a543-2765ee118a2b;Григорьева Панфил Геннадиевна;Григорьева;ланфил;Геннадиевна
c2ba7439-1102-4df3-8acb-733a136155c8;Беляков Фирс Станиславовна;Беляков;Фирс;Станиславовна
cb1bb083-810d-4023-899b-11d3aba386f4;Русаков Казимир Дмитриевна;Русаков;Казимир;Дмитриевна
ce5bf416-8723-4033-9c43-b7a270e6aecf;Меркушев Силантий Станиславовна;Меркушев;Силантий;Станиславовна
92b2f0db-8c45-4d41-a184-2e74889bd8d7;ИП Лобанова П.И.;Лобанова;Потап;Иларионович
73a3a26f-ab32-405c-8f6e-5f26e899f0d2;ИП Меркушщв К.А.;Меркушев;Казимир;Алексеевич
b4051848-690b-47d4-9fd0-03085ae503fd;Терентьева Эрнест Харитгновна;Терентьева;Эрнест;Харитоновна
03e08602-c2f9-4378-9cf1-8d194dd9bf38;Яковлева Е. Е.;Яковлева;Евсей;Ермолаевич
4023ed25-de40-457f-b927-b40a098bec9e;Матвуев Мир Иларионович;Матвеев;Мир;Иларионович
0a0d2259-51f5-4c2a-9c73-d14ee3939b8d;Анисимов Анастасия Дорофеевич;Анисимов;Анастасия;Дорофеевич
f873bd6f-650f-4f6e-8758-a49786e39854;Ермаков Аполлон Эдуардович;Ермаков;Аполлон;Эдуархович
ef33b492-a226-4d59-877f-02f4750ec37a;Новиков Лукия Бориславович;Новчков;Лукия;Бориславович
151fe336-e2de-454a-9df9-67666b138837;Орлова Мечислав Дмитриевна;Орлова;Мечислав;Дмитриевна
65b90951-11cd-4004-9acd-099f2df5cf2e;Тимофеев Демьян Валентинович;Тимофеев;Демьян;Валентинович
4ccb7c9c-7cb1-4036-b162-b2527189b94d;Меркушев Нестор Иларионович;Меркушев;Нестор;Иларионович
3a5d70d7-2c80-4c6a-a701-0b4b5f0081ba;ИП Игнатьева Э.А.;Игнатьева;чрнст;Авдеевич
156de9de-d230-4ba1-968e-9a36b28271f1;ИП Фомина С.М.;Фомина;Святополк;Максимовна
42183754-1873-4c6d-ad84-18ac72a2b922;Рожков Ф. В.;Рожков;Ферапонт;Вилорович
e025b0fb-dbf6-42a1-9376-2ab6510b6b73;Сысоева О. М.;Сысоева;Октябрина;Максимовна
c5b1c7ae-4cd3-4d36-ac7a-fc2b51bbed3e;Емельянов И. Х.;Емельянов;Ипст;Харитоновна
9dba32dc-fda6-4c24-8a96-25af5c1ba55c;Калинин Е. И.;Калинин;Елизаи;Иларионович
26f3586d-0fbf-4ac7-bbc4-ea14d5905a7e;ИП Власов М.Е.;Власов;Мина;Ефимовна
002fbd8c-fb8a-47b3-a66c-b1112bd78e45;Молчанова Прасковья Богданович;Молчанова;Прасковья;Богданович
2b79928c-ea4c-4cdf-8a82-227990755dbe;Анисимов Гремислав Николаевна;Анисимов;Гремислав;Николаевна
5bed3e6d-a2d1-44cf-be25-8965261796ad;Морозов Октябрина Богданович;Морозов;Октябрина;Богданович
2e055dd0-e8bd-4ee1-b828-a2521789ed68;Русаков Лукьян Филипповна;Русаков;Лукьян;Филипповна
c110ad9a-6bc4-43f8-abc2-61f8746ffc27;Емельянов Нинель Иларионович;Емельянов;Нинель;Иларионович
912420fd-8405-49b8-9262-3e9b5a1bc84d;Емельянов Нинель Иларионович;Емельянов;Нинель;Иларионович
2b7374dd-d938-42ba-8b60-31aed5f849b8;Субботина Эраст Федосеевич;Медведева;Евсей;Матвеевич
7b790bf4-3ff1-4e94-ba50-27e80e2a2159;Субботина Эраст Федосеевич;Субботина;Эрарт;Федосеевич
ceaa144c-345e-40aa-9b96-4ea7d50b8d0d;Тетерин Варвара Васильевич;Тетерин;Варвара;Васильевич
0d64c295-b5c1-46b2-a95a-773c1f70c9ee;Макарова Гаврила Тихенович;Макарова;Гаврила;Тихонович
927d1efa-b545-4437-ac6b-338d59d97e39;Ситников Иосиф Антипович;Давыдова;Эрнст;Васильевич
40dbbd10-4b8f-41dc-abf6-1c9ea2b1385c;Ситников Иосиф Антипович;Ситников;Иосиф;Антипович
840a903f-a671-4a45-b483-79b32866c470;Горшков Фирс Аксёнович;Горшков;Фврс;Аксёнович
a5db88cf-4d46-4144-ae42-93f60898af9b;Петров Вера Ермолаевич;Петров;Вера;Ермолаевич
369b6df5-d328-43e2-82a9-d8aa5275cdc3;Егоров П. И.;Егоров;Прокл;Иларионович
956f3a98-c3cc-42c4-8961-b2abf4309cf2;Молчанова Мечислав Леоновна;Молчанова;Мечислав;Леоновна
1c764efc-3150-4072-8928-932b40d8a76f;Яковлева Эрнст Максимовна;Яковлева;Эрнст;Максимовна
565878ad-5883-432d-aae4-64cfb723f2c1;Суворова Викторин Афанасьеана;Суворова;Вакторин;Афанасьевна
690d5468-34e6-4fb7-b7e7-5dc1eb95fc62;Медведева А. А.;Медведева;Анна;Аксёнович
648600ec-784c-4bb4-bc06-a7d61e338a19;Васильева Нифонт Макаровна;Васильева;Нифонт;Макаровна
78b9a7d2-d3ec-44e9-b26a-326dac88d02f;ИП Беспалов С.Я.;Беспалов;Синклитикия;Яковлевич
b01d4ce9-10ed-4644-9997-a9799c5546af;Доронина Л. Ф.;Доронина;Лариса;Филимонович
65ebd774-4a99-45e6-a1da-997017780073;Субботина Ираклий Ефстафьевич;Субботина;Ираклий;Ефстафьевич
1a845a8a-6872-4a4c-a917-f95e18ad0eb4;Меркушев Ян Иларионович;Меркушев;Ян;Иларионович
9bc4c08c-f16b-478c-8b97-21a731905371;Михеева Эммануил Фокич;Михеева;Эммануил;Фокич
4fdf95f0-c040-4b57-adc2-31a7c1fa588d;Васильева Глеб Матвеевич;Васильева;Глеб;Мщтвеевич
6e667b2e-3f05-48e3-95a0-b4077ea9f8c2;ИП Князева Г.С.;Князева;Гремислав;Станиславовна
c1c2a0f5-9f73-4676-a8de-0297ca8e9e42;Овчинникова Феофан Семеновна;Овчинникова;Феофан;Семеновна
ae936369-2051-4b69-9c09-f9717cb31fcc;Ермаков А. Г.;Ермаков;Аркадий;Георгиевна
c6cd5313-115a-4dd6-8962-2e14414f6d22;Морозов Вадим Матвеевич;Морозов;Вадим;Матвеевич
b3e0b2ea-6f49-44fb-ba82-516b52e6d077;Овчинникова А. Я.;Овчинникова;Арсений;Ярославович
a3e588fa-e3d1-4511-9adb-abc443f53f58;Гордеева Е. Ю.;Гордеева;Ефрем;Юльевна
a199ca47-80e1-4165-a44d-3be26fd279ab;Гордеева Лукьян Руслановна;Гордеева;Лукьян;Руслановна
61a7faca-e1f4-45bc-ab37-43fb7f324c95;Носкова Анастасия Яковлевич;Носкова;Анастасия;Яковлевич
648b777c-71a2-49de-9b2f-5bbb6919bbad;Субботина Л. Н.;Субботина;Лукия;Николаевна
0f04438c-e4a2-465c-9cac-d22c11cf4fbf;Лапин Вера Николаевна;Лапин;Вера;Николаевна
36e86116-58ac-45cf-8a70-da97b5a2c959;Сергеева Иванна Гордеевич;Сергеева;Иванна;Гордеевич
0f40fb00-3633-4b4e-815b-6a4c6a4393e0;Сергеева Иванна Гордеевич;Сергеева;Иванна;Гордеевич
3029b323-effd-4c84-bab1-f6421e544072;ИП Зуева В.Б.;Зуева;Всеволод;Богданович
7b46459d-f75b-4c2b-b4dc-ab2568434934;ИП Дьячкова А.Г.;Дьячкова;Агата;Георгиевна
4c1dfa63-7527-4920-ad5d-3c0963c49f67;Кудряшов М. С.;Кудряшов;Мария;Станиславовна
b5b85486-49e8-4e32-b1ee-7cb5511d4b24;Анисимов Агап Августович;Анисимов;Агап;Августович
b12e6b1b-a248-4012-8ec3-df9300f9c06e;ИП Овчинникова А.Э.;Овчинникова;Анна;Эдуардович
27e795fd-6dc4-47a6-9835-84b1e529ee84;Овчинникова Н. Ю.;Овчинникова;Нинель;Юльевна
e0c64b2e-9f2f-44f7-bdda-885281125e54;ИП Меркушев В.О.;Меркушев;Варвара;Оскаровна
88884977-fcbe-4680-85a6-35ff36928c24;Бобров Е. Е.;Бобров;Евдокия;Ермилович
deaf717a-bd7c-4f59-8682-a13434d22efb;Макарова Устин Матвеевич;Макарова;Устин;Матвеевич
99f92a2f-64c9-4095-8a07-b6524d4b915e;Ларионов Октябрина Егорович;Ларитнов;Октябрина;Егорович
2bdbc9cb-f6a8-44ef-8058-1bca6e1c30d1;Беляков А. Д.;Беляков;Автоном;Дмитриевич
493466eb-b7cf-4950-b948-b71f4f2cc977;Дорофеев Е. Х.;Дорофеев;Евдокия;Харитоновна
fc0a3949-c761-4901-ba62-08dfba6db375;Гришин Ян Антипович;Гришин;Ян;Антипович
63a0fd1d-c0c5-4799-b6ad-d61012add039;Бобров Аполлон Семеновха;Бобров;Аполлун;Семеновна
188c1469-0a9e-4ce0-8619-c31ef81dffa9;Кириллов Аполлон Егорович;Кириллов;Аполлон;Егорович
2fecfae9-ce62-4581-b4a3-65116a183162;Орлова Л. Г.;Орлова;Леонтий;Геннадиевна
584f221a-350f-42fb-9047-4172e1b60eab;Киселева Эдуард Тихонович;Киселева;ддуард;Тихонович
3c9c564f-0b7b-4803-9333-f32acbb038f7;ИП Гущина Л.А.;Гущина;Леон;Аксёнович
6cb61d00-fbd9-449d-bc31-32ce32e9d86e;Бобров Эммануил Аксёнович;Бобров;Эммануил;Аксёнович
4b692df4-2229-4046-88a3-f8862259d3af;Макарова Ф. А.;Макарова;Фирс;Августович
cfebf8c6-8a69-4165-b069-6dc8c4e5fbd5;ИП Дорофеев П.Е.;Дорофеев;Потап;Ерофеевич
718d10c4-1c12-4e07-b0d1-503ea483ee02;Новиков Мирослав Ааронович;Новиков;Мирослав;Ааронович
85a8eca8-0fdd-4ddc-9e33-eb818a4b572c;Яковлева И. Г.;Яковлева;Ираида;Георгиевна
dfbba6a4-3766-4896-a0d9-ddc3814e7403;Елисеева Любосмысл Авдеевич;Елисеева;Любосмысл;Авдеевич
2ab617f3-954e-4f2b-be17-b7b7af0791a0;ИП Фомина Я.Б.;Фомина;Ян;Богданович
2d91990a-fdb8-40da-a5a8-5a916267f080;Яковлева Лукия Валентинович;Яковлева;Лукия;Валентинович
df708cb0-d52d-4d02-b24b-9f54b52b6951;Мишина Эраст Ефстафьевич;Мишина;Эраст;Ефстафьевич
dd7887c6-fb46-4162-91a1-ad1306f79384;Уваров Э. Ф.;Уваров;Эдуард;Федосеевич
6a15189e-b718-4c76-b318-5b99622a47ab;Уваров С. Ф.;Уваров;Станислав;Филимонович
89ae3640-9d30-4f69-9a85-8e3f1fc78b12;Макарова Любосмысл Филимонович;Макарова;Любосмысл;Филимонович
59d5fad8-b1a0-4761-aa1b-e0b59760c47b;Боброва А. Е.;Боброва;Андроник;Ефвмович
2cd01db2-cdb7-4589-9be2-4aacc30c927b;Дементьев Святополк Филиппович;Дементьев;Святополк;Филиппович
f380b2f1-7a41-4392-918b-6f97f1c158ca;Никитина Елизар Иларионович;Никитина;Елизар;Иларионович
209d2643-14d5-4b2a-b040-2104682f6d98;Терентьева Агата Яковлевич;Терентьфва;Агата;Яковлевич
555f2320-d61a-4a2a-be96-a6668bcea5ed;уимофеев Эммануил Афанасьевна;Тимофеев;Эммануил;Афанасьевна
210ddf8b-b3fa-4dfe-8f1b-25a3fc8ac1a1;Князева Виктория Ефстафьевич;Князева;Виктория;Ефстафьевич
2f8416ce-a8be-42bb-a3fc-9115d20340c5;Алексеев Ф. Ю.;Алексеев;Фиру;Юльевна
c2a3be02-dc80-4de8-ae9e-223f0fc66843;Ермаков М. Ф.;Ермжков;Мир;Филиппович
c3153e91-a760-41e8-8789-62e4d2869762;ИП Фомина Н.Т.;Фомина;Нестор;Тихонович
fbf1f67a-8e23-4b8c-8ea0-c3e085f86c46;Носкова Прасковья Ерофеевич;Носкова;Прасковья;Ерофеевич
a24c3fdc-1400-4687-a44a-d0a0ec48c7fb;Калинин Эрнст Филимонович;Калинин;Эрнст;Филимонович
97e7ec48-4d4a-4547-ad37-01a94d88cd52;Сорокин С. В.;Сорокин;Силантий;Васищьевич
05614653-0d2c-446f-a0ca-a0680d87c786;Семенов Ян Валентинович;Семенов;Ян;Валентинович
a9cc06bd-7d32-42b6-8f5a-a4d75a56b66b;Елисеева А. Ю.;Елисеева;Аркадий;Юльевна
5c7c20eb-80db-4c93-8b80-d18e0c5baaf8;Яковлева Д. Н.;Яковлева;Демид;Николаевна
be33fea2-ebc3-4dcd-8705-6facd04fc421;Горшкова А. В.;Горшкова;Анна;Викентьевич
e294b693-c24f-461e-8fa3-ef536fdee156;Моррзов Георгий Федосеевич;Морозов;Гевргий;Федосеевич
5918b218-3845-4b6a-be0e-08c8ed43dd7d;Ермаков Тимур Вилорович;Ермаков;Тимур;Вилорович
1c9a49f3-326c-49be-9722-81c7932123f7;Григорьев Каллистрат Харитоновна;Григорьев;Каллистрат;Харитоновна
9782caf9-b6a7-4b02-acdd-cc271d5f368f;ИП Ширяев А.Д.;Ширяев;Агап;Дмитриевна
4f4acbc2-b976-4293-922b-cd5a12ada0a5;Игнатов Евдокия Дорофеевич;Игнатов;Евдокия;Дорофеевич
54bb7fa4-439f-492b-86b7-7508ea953802;Фадеев Трифон Филимонович;Фадеев;Трифон;Филимонович
c2a7cf06-ff36-44f5-9337-3784182d9f16;Меркушев Лариса Богданович;Меркушев;Лариса;Богдарович
018c8211-ab89-4d1e-be1f-b2b33e656825;Сорокина Леонтий Богданович;Сорокина;Леонтий;Богданович
98c7fbea-0aac-4d83-ab09-2a3379270ece;Дроздов Феофан Трифонович;Дроздов;Феофан;Трифонович
1188a56c-b8dc-48d6-8f22-2cf32ed6f3b7;Семенов Прасковья Никифоровна;Семесов;Пкасковья;Никифоровна
1daeefb4-9602-4048-9a75-bcf2a6e39163;Пономарева Ч. Д.;Пономарева;Чеслав;Дмитриевна
faf4fca2-ba6a-49ee-a1cb-68e7f6566456;Носкова Вышеслав Станиславовна;Носкова;Вышеслав;Станиславовна
5e787605-9e05-4788-8aa5-daf59e73eb87;Терентьева Октябрина Тимурович;Терентьева;Октябрина;Тимулович
63f93ca1-8450-4227-bf88-3546963a09b6;Дорофеев Софон Филиппович;Дорофеев;Софон;Филиппович
1708c74a-34f5-4cba-b09d-5208be36f411;ИП Михеев А.М.;Михеев;Агата;Максимовна
56626cde-c828-4bce-bcfa-b0c24b22c340;ИП Ширяев А.В.;Ширяев;Агап;Валентинович
d83693e9-b06b-4a40-a3de-e4c31baceef1;ИП Елисеева А.В.;Елисеева;Андроник;Власович
42ac9c56-ad83-4cfe-987e-6ef07ccefa08;Кириллова Аркадий Максимовна;Кириллова;Аркадий;Максимовна
6bd29649-e7bf-4af6-953a-a70a1b8e90a8;ИП Беляков Д.В.;Беляков;Демид;Валентинович
199ed58e-35b7-4d42-9f30-6b4bbe0ee0e4;Соболев У. В.;Соболев;Устин;Викторович
4ffa02eb-03f4-411d-971a-98d34ef98e52;Соболев У. В.;Соболев;Устин;Викторович
bf68305c-da1b-489e-b187-8500d00acc2f;Антонов С. Ф.;Антонов;Спартак;Фокич
71515e5e-fee6-4844-933a-31361da0a742;Михеева Г. Я.;Михеева;Гаврила;Ярославович
fe19eab5-5c1c-48c9-8df8-984a14d18c1b;ИП Матвеев Э.Ф.;Матвеев;Эммануил;Филимонович
16c4f69c-73ed-4398-9dd5-efbd4d4349a9;ИП Фадеева П.Д.;Фадеева;Панфил;Дмитриевна
d39a6d2b-5902-4dd3-8b56-301d8a0c3b1d;Игнатьева Анисим Егорович;Игнатьева;бнисим;Егорович
c7be605e-7efa-4251-99fb-03ee65d48545;Гришин Т. Е.;Гришин;Трифон;Ефимовна
1c407a78-8185-45b8-9203-4ee9ea118368;Тимофеев Капитон Дмитриевна;Тимофеев;Капитон;Дмитриевна
3d9d24c5-af91-4d88-9bbc-480230801584;Елисеева А. С.;Елисеева;Анастасия;Станиславовна
355eca07-ed42-4663-8f0c-d396d13ffab9;Орлов Эрнст Максимовна;Орлов;Эрнст;Максимовна
1f5ffeb2-0e08-48d1-a467-684541acdf67;Гущина Эрнст Федосеевич;Гущина;Эрнст;Федосеевич
05d728a4-a203-4d19-8393-0c27ea318d35;Лыткина Агата Гаврилович;Лыткина;Агата;Гаврилович
b163c852-f04e-408a-8ae3-630e32560111;Орлова Капитон Максимовна;Орлова;Капитон;Максимовна
63ba0c96-de1e-4bf2-9111-3c3f81dada6c;Назаров Клавдий Викентьевич;Назаров;Клавдий;Викентьевич
1e7b4c9c-5394-4942-92c7-70f6351aedee;Лыткина Глеб Фомич;Лыщкина;Глеб;Фомич
484a409f-17b6-43b9-b8d2-5bb210fa842e;ИП Матвеев П.А.;Матвеев;Панфил;Афанасьевна
f16a2218-436e-4508-98f1-101d2027ab93;Доронина Леонтий Федосеевич;Доронина;Леонтий;Федосеевич
ca389ac9-c3b0-4492-9bd5-f487eb048c86;ИП Егорова С.Ж.;Егорова;Селиван;Ждановна
e81817d0-af27-4424-bdbf-6b58780da9ed;Елисеева Виктория Алексеевич;Елисеева;Виктория;Алексеевич
f0dd22bb-0ad0-4145-b693-8cdb0d3a3084;Блинова Силантий Егорович;Блинова;Силантий;Егорович
b4095962-db91-4312-b537-d399b503b118;Сорокин Агап Николаевна;Сорокин;Агап;Николаевна
d85eadef-c930-4bb1-b382-703acb0b7f74;Рожков Таисия Авдеевич;Рожков;Таисия;Авдеевич
aaa96436-2d10-4d23-ad45-b0127ef45a31;Орлова Поликарп Харлампович;Орлова;Поликарп;Харлампович
30d70445-bd7b-43ef-a353-8b3e85ba496e;Егоров Евстафий Васильевич;Егоров;Евстафий;Васильевич
182d37b6-973d-49ea-b7d8-6bac4106f855;Овчинников М. Г.;Овчинников;Мир;Геннадиевна
ff67d4d6-f7c7-4f69-b026-49e1f9d18a42;Лобанова Потап Фокич;Лобанова;Потап;Фокич
ecfdee24-e699-4001-abb1-1cd725b7665d;Карпова Октябрина Аксёнович;Карпова;Октябрина;Аксёнович
d0e4a980-ea5c-46c9-bd4d-7d26e9639f60;ИП Рыбакова А.Л.;Рыбакова;Автоном;Леоновна
d58047cb-d0b1-4f66-aee5-2349a69b4202;Тимофеев Каллистрат Харламович;Тимофеев;Каллистрат;Харламович
07654aa4-0e84-4b17-91ce-5db0bd9a629d;Дьячкова А. Е.;Дьячкова;Анжелика;Ефстафьевфч
1f187768-feed-4040-87fd-eaa8605ba8b9;Меркушев Евстафий Иларионович;Меркушев;Евстафий;Иларионович
fb8dd88b-43c4-42ae-9f9b-4af82e66e235;ИП Матвеев М.Аж;Матвеев;Михей;Ааронсвич
8c7d25f5-82e7-431d-9900-66601852c202;Елисеева Яков Максимовна;Елисеева;Яков;Максимовна
a3051d59-7aca-4bb1-8242-edce76ad4d6c;Меркушев Г. Л.;Меркушев;Гаврила;Леонидовна
abb663c5-1e9c-45f6-8acb-8a8ec1fa925e;Меркушев Г. Л.;Меркушев;Гаврила;Леонидовна
26719914-af1d-45ee-8770-37edfcbacaaf;Гришин Феофан Ефстафьевич;Гришан;Феофан;Ефстафьевич
4d5f37ac-0664-4239-9011-87931ca4204a;Васильева Трифон Вадимовна;Васильева;Трифон;Вадимовна
05774d4c-6471-49e9-91db-7686c50f20be;Гущина Викторин Августович;Гущина;Викторин;Августович
e479a822-50f9-47da-bff4-039d720ee654;Гущина Викторин Августович;Гущина;Викторин;Августович
255a515f-f41f-433b-b088-86afb824f24b;Меркушев Лучезар Ефимьевич;ееркушев;Лучезар;Ефимьевич
caf0a846-8d8f-4f42-a75b-180adbca1c40;Русаков Анастасия Дмитриевич;Русаков;Анастасия;Дмитриевич
346f7e3d-a922-4d62-be62-82bb4d1d7c37;Лобанова П. В.;Лобанова;Поликарп;Васильевич
9e131b5d-361f-40c0-baa0-99826a2226c3;Гордеева Ипат Юльевна;Гордеева;Ипат;Юльевна
2166b272-6363-4562-ab95-a9ad51863ccb;Гордеева Любосмысл Дмитриевна;Гордеева;Любосмысл;Дмитриевна
ca009f83-5b50-4cae-94df-592b49f51bde;Князева Александра Васильевич;Князева;Александра;Васильевич
46f4dbab-632d-4dee-a068-0467909f58f7;ИП Тетерин В.Б.;Тецерин;Вадим;Богданович
a8700732-76a7-41e2-b7df-3b6c0386c4b8;Носкова И. С.;Носкова;Ираида;Семеновна
8b3473ab-dfd4-43e4-b53f-b786fbb38a18;Ситников Виктория Афанасьевна;Ситников;Виктория;Афанасьевна
77d41ff7-bf3d-4a60-bfa9-e3a8324c39fa;Яковлева Станислав Егорович;Яковлева;Станислав;Егорович
85b3a7a1-4f41-4a2e-931d-909ec084807f;Матвеев Эраст Альбертовна;Матвеев;Эраст;Альбертовна
b42d35a2-9271-42e9-9078-1ff953920af3;ИП Субботина С.Д.;Субботина;Святополк;Дмитриевна
d4ac274a-861b-4e46-b62b-fa8a69380fe7;Суханов В. Ю.;Суханов;Виктория;Юльевна
dab4d3b7-97a6-4889-b35d-01f94aa1fb08;ИП Русаков К.В.;Русаков;Корнил;Васильевич
5f95d6e1-0dcf-4fc4-b08a-d5f6c2f2cb79;Блинова Евдокия Максимовна;Буинова;Евдокия;Максимовна
ccf117d0-2754-4346-8471-aca41bc76307;Ларифнов Э. Г.;Ларионов;Эдуард;Геннадиевна
15e38d27-4181-43bb-94ce-973c3d941b5c;Никитина Иосиф Гаврилович;Никитина;Иисиф;Гаврилович
41f93296-01ee-451a-884b-a09db27944a8;Субботина Г. Е.;Субботина;Гремислав;Ефимовна
7dc9d5a4-af3e-41a9-9784-ff0fbb9c9015;Русаков Святополк Афанасьевна;Русаков;Святополк;Афанасьевна
73585a03-d9bf-4d3a-8d59-0a44d724494a;Уваров Андроник Яковлдвич;Уваров;Андроние;Яковлевич
7232fcd6-5674-4416-9709-c015bbc23b9d;ИП Кудряшов К.Е.;Кудряшов;Капитон;Ерофеевич
560b28cc-af22-4e40-b578-35ebc0496ccd;Суворова Святополк Антипович;Суворова;Святополк;Антипович
cf87d7db-f47b-462b-b8f0-ee3736d11feb;ИП Фомина А.М.;Фомина;Агап;Максимовна
0c41637e-1e3b-4e0c-81f4-167a9d74f7c1;Михеева Фирс Ждановна;Михеева;Фирс;Ждановна
be1bc271-9a8c-4b0b-ab2b-c38e8161f321;Молчанова Леонтий Феоктистович;Молчанова;Леонтий;Феоктистович
3ff40951-5c6c-4f7e-8c9a-406ede6d0898;Сергеева М. Е.;Сергеева;Мечислав;Ермолаевич
f0c3345b-23a3-447d-be1b-f5150f801508;ИП Гришин М.М.;Гришин;Мария;Максимовна
c5e91047-eaab-4bb2-b759-4fbe3885a428;Ермаков Михей Ильясович;Ермаков;Михей;ульясович
73036aed-d217-489b-b213-1f51f44c013a;Беляков Ипат Максимовна;Беляков;Ипат;Максимовна
9c70a3ad-c0d8-4be3-9004-2722018cf695;Фомина Демид Антипович;Фомина;Демиф;Антипович
14904700-c17a-4085-b348-6cc1003affcc;Куликов П. Н.;Куликов;Поликарп;Наумовна
4ae44d31-09d7-4f24-a6f9-e8897d809d8b;Терентьева Евсей Семеновна;Терентьева;Евсей;Семеновна
eca773c0-b56e-4f25-9a28-291e2b97710f;Назаров Я. И.;Назаров;Ян;Игнатович
1fa8c072-bca6-4a30-be0f-9e31c4c4c92a;Петров Л. Ф.;Петров;Леонтий;Фомич
795c6929-f044-4354-ac80-121781d15b47;Игнатов Мина Алексеевич;Игнатов;Мина;Алексеевич
7795f2c6-0937-4eb6-9b81-4f84fcf16ee7;Третьякова Елизар Дмитриевна;Третьякова;Елизар;Дмитриевна
d0ebf2a8-4c98-4bc4-bda3-7d8ac0a224bd;Морозов Иосиф Станиславовна;Морозов;Иосиф;Станиславовна
72827fb5-a847-4bf7-9da5-0d6b1bbf99e3;ИП Ермаков С.Ф.;Ермаков;Синклитикия;Федосеевич
130ffc15-1aa4-4c5b-aa89-fb6a35aaf4f3;Григорьева Каллистрат Бориславович;Григорьева;Каллистрат;Бориславович
2ad37a88-c74a-45bd-bd30-7c1de4b736d2;Никонова Евдокия Яковлевич;Никонова;Евдокия;Яковлевич
5b43c4cf-ec2a-4b2a-a911-55ee201201fd;Русаков А. Е.;Русаков;Аркадий;Егорович
507b34c4-9e81-4c6f-9164-53e6c4d9ea89;БоброврОктябрина Ефимьевич;Бобров;Октябрина;Ефимьевич
d6c2232b-413e-4bbd-b2f7-dd696bb12f81;Горшков П. М.;Горшков;Поликарп;Максимовна
80c1f38f-3a66-489a-9f9d-1a97647efc52;ИП Молчанов Г.Н.;Молчанов;Глеб;Николаевна
54e4181f-df89-4905-ba3d-2a044343c34c;Гришин Викторин Ерофеевич;Гришин;Викторин;Ерофеевич
15eb2f41-2fc8-48b3-80c3-4159d285c4db;Никифорова Корнил Георгиевна;Никифорова;Корнил;Георгиевна
e84074ec-3b7e-4faa-bad2-c3ffe298acce;Фадеева Трифон Харлампович;Фадеева;Трифон;Харлампович
9dbd0a7e-fec0-45c7-ac74-2d9d1ec13a2b;Никонова Анастасия Ефстафьевич;Никонова;Анастасия;Ефстафьевич
c566bdeb-749b-4148-9d9b-b94e9a06f715;Емельянов Лонгин Ерофеевич;Емельянов;Лонгин;Ерофеевич
c7d95108-8992-484f-a2a3-c4c573da351e;Тимофеев Лучезар Егорович;Тимофеев;Лучезар;Егорович
c289900e-bc50-4d0a-927a-6c9b7b5d7708;Дорофеева К. е.;Дорофеева;Капитон;Егорович
0b5c41fa-0d22-4f26-ab8d-1d9d666abfd2;Рыбакова Я. Т.;Рыбакова;Ян;Тимурович
7ee1cbea-2237-4fde-901c-db57515a3af5;Егорова Таисия Максимовна;Егорова;Таисия;Максимовна
23a3bbe0-71c0-4913-b6a6-e7e44730c198;Дорофеева А. Н.;Дорофеева;Аполлон;Никифоровна
6b014daa-acd9-4264-b61d-c422104001bc;Дьячкова Елизар Семеновна;Дьячкова;Елизар;Семеновна
9f59adc0-807e-4494-8a25-ab94b0b6f126;Дроздов Эммануил Семеновна;Дроздов;Эммануил;Семеновна
ae9dae31-7ac5-4c14-953c-2c2c4c9496b3;Красильников Прокл Леоновна;Красильников;Прокл;Леоновна
9a6bdb86-2a7b-420c-81d7-429006c46f51;Горшкова Чеслав Харитоновна;Горшкова;Чеслав;Харитоновна
7c0856db-08ab-4c1c-bdc4-cc46f815e7da;Давыдова А. Е.;Давыдова;Алина;Ефстафьевич
7b1560ee-13f2-4395-8f9c-5ac8d9fa8a5e;Доронина Георгий Аксёнович;Доронина;Георгий;Аксёнович
15724c84-3b05-4a21-8487-cc758377b92f;Егоров Корнил Харламович;Егоров;Корнил;Харламович
2328b6aa-8815-4ed8-80ca-221ef6f61ff6;Уваров Арсений Юльевна;зваров;Арсений;Юльевна
fbfaf41c-650b-4a09-9469-975ac2ade71e;Уваров Арсений Юльевна;зваров;Арсений;Юльевна
ec7fe5c8-1135-4c3c-99cb-e7bbaea690f6;ИП Фадеев В.Б.;Фадеев;Вера;Брониславович
4327251c-6952-4753-b101-211c2a6d821a;Карпова Евсей Александрович;Карпова;Евсей;Александрович
805c2242-3c29-4ecc-a7f5-f6ad8c7f78db;Карпова Потап Трифонович;Карпова;Потап;Трифонович
649d459b-870d-4ff0-8d4f-d51336d07028;Васильева О. н.;Васильева;Октябрина;Руслпновна
ef00228f-3931-43af-b2c4-8b20ac532fa7;Красильников А. В.;Красильников;Анисим;Вадимовна
f3e48df1-374a-47a4-abf1-291db65b3e3b;Овчинникова Андроник Федосеевич;Овчинникова;Андроник;Федосеевич
139f521c-21f4-4938-a33c-37a70dbd5942;Гришин Эммануил Дмитриевна;Гришин;Эммануил;Дмитриевна
571febfc-fbf1-4ec7-9a70-8ae3a6daf891;Кириллова Софон Ефимьевич;Кириллова;Сотон;Ефимьевич
f6d2ce03-a438-45ab-96b9-1a5c1bef549f;Молчанова Октябрина Николаевна;Молчанова;Октябрина;Николаевна
9847be87-7799-4ecb-bad2-3224c495793c;Кудряшов Аполлон Эдуароович;Кудряшов;Аполлон;Эдуардович
88be3fdc-22d0-412d-9108-6f7834750093;ИП Лапин М.В.;Лапин;Мирослав;Васильевна
d81123a5-fa6b-44e3-ba69-de2ba2c700ba;ИП Боброва Э.Х.;Боброва;Эдуард;Харламович
b385d39e-8993-4558-a0d1-2a629fa9bba7;ИП Доронина А.А.;Доронина;Автоном;Афанасьевна
a9a20e83-fb96-45eb-89b3-ae8003f76185;ИП Григорьев К.Ф.;Григорьев;Казимир;Феодосьевич
22511d5a-2424-48c5-8548-8560b50c18d0;Сысоева Исидор Валентинович;Сысоева;Исидор;Валентинович
b7d5b266-67ce-4b85-ba65-a0b39be66627;ИП Дьячкова В.Ф.;Дьячкова;Вадим;Фёдорович
a30a0789-196a-4053-aa68-7404092a81cd;Макарова В. Х.;Макарова;Вадим;Харжтонович
ef209114-79e5-4b3f-ae4d-dacf4cb8ed6d;Воронцова Андроник Юльевна;Воронцова;Андроник;Юльевна
69a61b91-8674-40fb-890a-5e8b6e891c6b;Елисеева Иванна Юльевна;Елисеева;Иванна;Юльевна
71f46c5c-4b57-4fdd-8b02-a78d3b644f0c;Алексеев Г. Е.;Алексеев;Георгий;Ефстафьевич
cea9f062-64ac-4cad-bee0-cdda451a4852;ИП Блинова Н.Е.;Блинова;Нинель;Ефимович
94d0c5ce-a557-4364-95e7-40dba9414d4c;ИП Сорокина И.Д.;Сорокина;Иван;Дмитриевич
15c20ad7-7efc-4fa0-b359-a00a4979c3ac;ИП Кудряшов А.Б.;Кудряшов;Анастасия;Бориславович
e86ee8e0-f5f9-4b98-8272-9131e10ac61c;Орлова Мина Семеновна;Орлева;Мина;Семеновна
7e6c3386-848a-4adc-a19f-ce0582686610;Никонова Иванна Ждановна;Никонова;Иванна;Ждановна
23b4f141-25f7-4d58-8246-b03ce1e0f4cc;Кириллова Казимир Наумовна;Кириллова;Казимир;Наумпвна
8c567e46-717a-420c-8d38-bd49018847b0;Орлова Демьян Максимовна;Орлова;Демьян;Максимовна
2b3197c0-7c51-44ee-8333-77f28d47c6b2;Никитина С. А.;Никитина;Станислав;Алексеевич
07830fed-8a10-4e36-8e31-afc1a13c7ba7;Григорьева В. Н.;Григорьева;Викторин;Николаевна
5db7f21a-3e8b-4d5e-94f1-9ba03cb8d780;Сергеева Софон Дмитриевич;Сергеева;Софон;Дмитриевич
9a1b0f6d-68ae-49e8-bcc1-c72d81d9d2af;ИП Дорофеева Н.Н.;Дорофеева;Нифонт;Николаевна
e4595436-5efc-4d87-b3f9-650fa70f0149;Сергеева Мария Авдеевич;Сергеева;Мария;Авдеевич
6cfa1621-be6a-41d4-b71c-60e2db54f313;Анисимов Гремислав Феоктистович;Анисимов;Гремислав;Феоктистович
5eef1cf4-c5bc-478e-a53e-0c367175d99e;Сорокин И. Ф.;Сорокин;Иван;Филимонович
54b1b259-9d6f-49b0-ac75-0a99db06f31f;Игнатьева Е. А.;Игнатьева;Елизавета;Афанасьевна
424c2e48-0f81-485c-885a-520826813026;Игнатьева Е. А.;Игнатьева;Елизавета;Афанасьевна
7378da5b-431c-43b8-83fa-3e056afda41e;Молчанова Мир Ефстафьевич;Молчанова;Мир;Ефстафьевич
2815949f-a3fb-42e9-869a-52d7c2927b8d;Емельянов Д. В.;Емельянов;Демид;Власович
f8de9c86-e0f1-46b9-a066-70f1afbf396f;Дьячкова Агап Бориславович;Дьячкова;Агап;Бориславович
1ebedac6-5f28-4901-83ad-7a47d21a15f6;Давыдова Лариса Гаврилович;Давыдова;Лариса;Гаврилович
38c8ebd8-6e19-4056-956f-1dc64c1df9f3;Емельянов Иван Харламович;Емельяншв;Иван;Харламович
9ae24428-9644-41fe-a770-b0ade722ac52;Ситников Леонтий Руслановна;Ситников;Леонтжй;Руслановна
f85c3505-0406-4e97-a012-aec939c8383f;ИП Крюков Ф.Ж.;Крюков;Фирс;Ждановна
f93a9637-cb98-47dc-bed2-6f4b2739e77e;ИП Егоров В.Е.;Егоров;Вышеслав;Ефимович
c94c99d0-b1d9-40a4-a05f-5dd13ad116f4;Григорьева Анна Трифонович;Григорьева;Анна;Трифонович
8d14d1e7-d4d9-44de-be19-4ec2c7976999;Боброва Лучезар Ерофеевич;Боброва;Лучезар;Ерофеевич
60f4006f-a618-468f-ad6e-75b249ab48ac;Сергеева Вышеслав Станиславовна;Сергеева;Вышеслав;Станиславовна
ece40d1a-91e7-4379-882d-e5b9a871dc7a;Дорофеева Викторин Яковлевич;Дорофеева;Викторин;Яковлевич
a24aaca1-77e6-4d39-88a8-7630ba51acb8;Зуева В. В.;Зуева;Викторин;Власович
982f5e78-f0b3-40f0-b78b-e6da4ec1a099;ИП Меркушев Т.Б.;Меркушев;Тимур;Брониславович
39e488f6-7cb1-4796-98f6-daea27b71e15;Князева Мир Ефимьевич;Князева;Мир;Ефимьевич
214caab2-9d63-42db-ac69-37a43e98c302;Зуева Е. Е.;Зуева;Ефрем;Ерофеевич
5bdaa01c-8bc0-4f62-9884-fcc32743242e;Морозов Виктория Фокхч;Морозов;Виктория;Фокич
8f8f4e01-5026-4159-8e08-ccbad2966bed;ИП Третьякова Г.Г.;Третьякова;Гремислав;Георгиевич
3f8058ce-f8ff-4748-b82f-64d31833916a;Молчанов Антип Филипповна;Молчанов;Антип;Филипповна
a787b1b0-f7d4-4e57-af9b-24b388a44bca;Беляков Виктория Феодосьевич;Беляков;Виктория;Феодосьевич
27636e3f-54d2-4ca5-a8ed-5d1c4572ae93;Жуков Мария Аксёнович;Жуков;Мария;Аксёнович
902d14ce-7adf-43c4-967f-341a67cb2b5a;ИП Кириллов Я.Е.;Кириллов;Ян;Ефстафьевич
30a86fd4-3afe-4e89-916c-067d69b68994;Анисимов И. Е.;Анисимов;Иванна;Егорович
eba18317-31c6-49c4-9601-9c94322f7d34;Дорофеева С. Х.;Дорофеева;Станислав;Харлампович
ef530c35-710f-4cfd-bf59-37b8fb272e3e;Воронцова Ираида Вадимовна;Воронцова;Ираида;Вадимовна
513a8b5d-e311-45d4-9931-e0927e3f1de4;Крюков В. Е.;ерюков;Викторин;Ермилович
50afa4c3-e8f0-4980-a41d-1866da785c6a;Овчинников Станислав Богданович;Овчинников;Станислав;Богданович
0ef260fa-d333-4748-9864-c5c7a3a27404;ИП Ермаков Е.В.;Ермаков;Елизар;Викентьевич
a6556fc1-434a-4dc7-8880-18c9f7b248d6;Тимофеев Любосмысл Власович;Тимофеев;Любосмысл;Власович
a4bbc532-1fb8-42a9-9d9c-50998484887a;ИП Фадеева Я.М.;Фадеева;Ян;Макаровна
34a227a7-e255-48d7-b2b7-48ebe07da81c;Медведева Александра Богданович;Медведева;Александра;Богданович
76dc1c19-343a-4e35-b8c8-ebf7a5862a3b;Сорокин Виктория Ефимович;Сорокин;Виктория;Ефимович
a5461562-0174-4d52-a2ba-cadbd15a4264;ИП Филатова М.А.;Филатова;Михей;Антипович
b469b50d-b0c9-4a0f-8fca-b4fa950c2ca7;Крюков Л. Я.;Крюков;Любосмысл;Ярославович
8bfa83c9-b464-4126-b543-fde19409034b;Антонов Агап Ермолаевич;Антонов;Агап;Ермолаевич
edbb1688-da95-4b30-90de-581a77d3183b;Терентьев Поликарп Юлианович;Терентьев;Поликарп;Юлианович
8c2390e3-a553-44ec-9083-c6966aa5d657;ИП Ширяев В.Н.;Ширяев;Велимир;Никифоровна
f2c4110e-e2e7-4b87-bfa0-86fc67527c33;Фадеева Анастасия Станиславовна;Фадеева;Анастасия;Станиславовна
9f633b18-d56a-44ec-a089-f360ad972137;Меркушев Ч. Е.;Меркушев;Чеслав;Ефимьувич
14a81563-c753-4e22-ab32-50dcdc3fcb2f;Филатова Поликарп Ермолаевич;Филатова;Поликарп;Ермолаевич
7ebeb684-c290-41ac-82a2-2292e0de748d;Киселева А. Д.;Киселева;фрсений;Дмитриевна
ac10f9d2-1a0a-422e-a7e5-ccd254d3dea2;Дьячкова Евстафий Дмитриевна;Дьячкова;Евстафий;Дмитриевна
f96dd3c5-c55c-4bb6-8c5c-60e04899ce42;Кириллова Аркадий Николаевна;Кириллова;Аркадий;Николаевна
96a03615-5b5c-4bf9-b14d-97e1f262992b;Соболев Виктория Гаврилович;Соболев;Виктория;Гаврилович
64c9e0a2-b742-44be-856f-a96a4ec558f8;Беспалов С. Ф.;Беспалов;Силантий;Феодосьевич
e40c32a4-246c-407d-baab-ebaaad0b81c2;Михеева Арсений Авдеевич;Михеева;Арсений;Авдеевич
81dac1c7-ee8e-4dc5-b401-97c3c682540f;Ширяев Силантий Макаровна;Ширяев;Силантий;Макаровна
ea3b74cc-f9cf-4e3a-88f7-46164d2f3fc0;ИП Дьячкова Л.Е.;Дьячкова;Любосмысл;Ерофеевич
c8933822-97af-4d14-a982-550e794a08a9;ИП Логинов И.С.;Логинов;Исидор;Семеновна
04e59bf1-b582-4d50-bbb8-237526d060f4;Тетерин Ян Дмитриевич;Тетерин;Ян;Дмитриевич
238c413a-8a73-4956-9e9d-46f1796db0a7;Беляков Агата Бориславович;Беляков;Агата;Бориславович
f8de0f02-4ea7-48b6-a696-cd442938b492;Сорокин Э. Е.;Сорокин;Элмануил;Ермилович
54e24878-72c3-48f3-932c-51e92177e6ec;Князева Ираида Филиппович;Князева;Ираиба;Филиппович
f60adff6-b49c-47b4-a3a7-441b8dfa54ed;Князева Ираида Филиппович;Князева;Ираиба;Филиппович
b7240560-fc66-490c-966f-f35844df1ff9;Власов Евсей Харламович;Власов;Евсей;Харламович
91fbe718-da6d-4e3a-b475-3ac66f355ad2;ИП Воронцова А.Е.;Воронцова;Андроник;Ефимович
858f0839-6ab7-4f10-a249-97e9b32f91b9;Терентьева Демид Викентьевич;Терентьева;Демид;Викентьевич
b2a6a4f1-2b3b-41e5-becc-7733a375fd7f;Шестаков Всеволод Харламович;Шестаков;Всеволод;Харламович
a5976d9f-f2ab-4352-8d6f-cf4244dbbbdd;Гришин Н. В.;Гришин;Нестор;Валентинович
e7caee67-26a5-4697-83b1-b88b46338a3d;Соболев Фирс Ефимовна;Соболев;Фирс;Ефимовна
b631eace-211f-4314-8c2d-36095598963b;Филатова С. Е.;килатова;Станислав;Егорович
dfc86075-9dca-4906-a9fc-f423bb047552;Жуков Ян Максимовна;Жуков;Ян;Максимовна
e7638264-3f93-40d3-b8b2-d398079b9f84;Морозов В. В.;Морозов;Велимир;Викентьевич
74881c3f-78c2-41fb-b7ec-238917a95399;Игнатьева Капитон Николаевна;Игнатьева;Капитон;Николаевна
703c5798-057b-4d8c-a0f0-87144fd43db6;Дементьев Ираклий Николаевна;Дементьев;Ираклий;Николаевна
6b86e623-6828-422f-b425-6a77462082ed;Макарова Лонгин Ерофеевич;Матарова;Лонгин;Ерофеевич
fc3e3fdd-ab7a-4ca8-a45c-d214f606936b;Сергеева Спартак Эдуардович;Сергеева;Спартак;Эдуардович
95a51131-52e8-4697-b4e4-1b352b47960a;ИП Гришин В.В.;Гришин;Вышеслав;Валентинович
6304adfd-f79c-4ff7-9aa1-4f38b035ad13;ИП дыбакова Л.С.;Рыбакова;Ларижа;Семеновна
e0b48c4c-2943-44dd-b15a-610f33013f70;Бобров Мирослав Антипович;Бобров;Мирослав;Антипович
50506b65-beab-4d71-bbec-51238b961dfe;Дорофеев Аркадий Аксёнович;Дорофеев;Аркадий;Аксёнович
3862aead-0953-4c0b-bdec-13d3d90fc353;Соболев Лучезар Максимовна;Соболев;Лучезар;Максимовна
82f18644-fdc4-4452-bf65-46723762c6d4;ИП Игнатьщва Я.Ю.;Игнатьева;Ян;Юлианович
ac62f1e9-4f3b-46c5-9962-93519daa5f1a;Новиков Панфил Ерофеевич;Новиков;Панфил;Ерофеевич
43b62178-993f-4c23-b8cd-77308ea3330e;Горшков С. С.;Горшков;Синклитикия;Станиславовна
97d75c4f-7381-4822-8748-8a58f32fb394;Горшков С. С.;Горшков;Синклитикия;Станиславовна
d9632900-8608-4f35-854a-778807e34255;Зуева Мир Леоновна;Зуева;бир;Леоновна
c4453ffd-7a57-4592-b643-30ce2811e430;Никифорова Иванна Аверьянович;Никифорова;Иванна;Аверьянович
318d71dd-2592-4dd1-82e6-c84a5be189a4;ИП Куликов Э.Е.;Куликов;Эммануил;Ефстафьевич
8223ecdb-4ad6-475b-aa40-a5488e773fc0;Горшков Эраст Юльевна;Горшков;Эраст;Юльевна
3645f362-a955-4b37-b601-1f9db01f7786;Горшков Эраст Юльевна;Горшков;Эраст;Юльевна
a9354d00-da45-4859-945d-4d7472a52cea;Дроздов Александра Бориславович;Дроздов;Александра;Бориславович
dc1d84c6-384a-4dc4-9076-6ce8ad0de44b;Фадеева Гаврила Аверьянович;Фадеева;Гаврила;Аверьянович
1758bfaa-74ae-4913-95a5-16c6a53413d1;Орлов Всеволод Васильевич;Орлов;Всеволод;Васильевич
23179ee3-6e2d-4667-afa1-630a948ac714;Анисимова Евдокия Ждановна;Аоисимова;Евдокия;Ждановна
f2a38db4-2acd-41a7-a0ed-1b2cf142bc71;Кириллова Э. Х.;Кириллова;Эраст;Харламович
1b68427a-f330-4cff-9304-cdbabe38242d;Уваров Вера Ефстафьевич;Уваров;Вера;Ефстафьевич
14f36b95-99dd-46a6-8007-b58f8876ae7d;Морозов Иосиф Васильевич;Морозов;Иосиф;Васильевич
713df088-30f3-4b8b-8c8c-5b5bbe41e5fa;Нивонова Ф. Ю.;Никонова;Феофан;Юльевна
ec7c44da-b6f8-4cdb-881a-bf0d1ff5c995;Третьякова Исидор Васильевич;Третьякова;Исидор;Васильевич
1950a5e3-cedd-4463-b021-c97b9edad17b;Григорьева Михей Ильясович;Григорьевф;Михей;Ильясович
aae454e5-9dcd-417f-a067-ba6f20225b28;Борисова Агап Ильясович;Борисова;Агап;Ильясович
d442dc62-53b6-4337-b68c-8f5311319bc4;Никонова Д. А.;Никонова;Демид;Антипович
db86a78d-c3cd-4750-ac1f-afa7c5125087;Яковлева Александра Ждановна;Яковлева;Александра;Ждановна
116ded9d-bbdf-42c0-a72f-21188b047d4c;Воронцова Гаврила Макаровна;поронцова;Гаврила;Макаровна
ee1f656d-2bf6-4dcc-9ab4-b6535035eea2;Зуева Леонтий Феодосьевич;Зуева;Леонтий;Феодосьевич
4bc1258d-a8ab-474b-b045-74a272722d78;Антонов Мирослав Тимурович;Антонов;Мирослав;Тимурович
d26e11a6-eadc-4d94-b829-18c84d5a7e42;Калинин С. М.;Калинин;Селиван;Матвеевич
9a5a79b1-722a-45d5-a59f-e3afa2dbd158;СитниковаНинель Бориславович;Ситников;Нинель;Бориславович
2f1cb365-c561-4410-bc2b-2ea38e4e58f7;Егорова Вышеслав Иларионович;Егорова;Вышеслав;Иларионович
